FileName,EmoClass
MSP-PODCAST_test3_0001.wav,S
MSP-PODCAST_test3_0002.wav,C
MSP-PODCAST_test3_0003.wav,S
MSP-PODCAST_test3_0004.wav,S
MSP-PODCAST_test3_0005.wav,N
MSP-PODCAST_test3_0006.wav,C
MSP-PODCAST_test3_0007.wav,D
MSP-PODCAST_test3_0008.wav,N
MSP-PODCAST_test3_0009.wav,S
MSP-PODCAST_test3_0010.wav,S
MSP-PODCAST_test3_0011.wav,F
MSP-PODCAST_test3_0012.wav,A
MSP-PODCAST_test3_0013.wav,D
MSP-PODCAST_test3_0014.wav,D
MSP-PODCAST_test3_0015.wav,U
MSP-PODCAST_test3_0016.wav,S
MSP-PODCAST_test3_0017.wav,A
MSP-PODCAST_test3_0018.wav,H
MSP-PODCAST_test3_0019.wav,U
MSP-PODCAST_test3_0020.wav,C
MSP-PODCAST_test3_0021.wav,S
MSP-PODCAST_test3_0022.wav,N
MSP-PODCAST_test3_0023.wav,D
MSP-PODCAST_test3_0024.wav,N
MSP-PODCAST_test3_0025.wav,S
MSP-PODCAST_test3_0026.wav,N
MSP-PODCAST_test3_0027.wav,U
MSP-PODCAST_test3_0028.wav,U
MSP-PODCAST_test3_0029.wav,N
MSP-PODCAST_test3_0030.wav,D
MSP-PODCAST_test3_0031.wav,U
MSP-PODCAST_test3_0032.wav,C
MSP-PODCAST_test3_0033.wav,N
MSP-PODCAST_test3_0034.wav,N
MSP-PODCAST_test3_0035.wav,S
MSP-PODCAST_test3_0036.wav,H
MSP-PODCAST_test3_0037.wav,F
MSP-PODCAST_test3_0038.wav,C
MSP-PODCAST_test3_0039.wav,N
MSP-PODCAST_test3_0040.wav,D
MSP-PODCAST_test3_0041.wav,S
MSP-PODCAST_test3_0042.wav,H
MSP-PODCAST_test3_0043.wav,U
MSP-PODCAST_test3_0044.wav,N
MSP-PODCAST_test3_0045.wav,N
MSP-PODCAST_test3_0046.wav,D
MSP-PODCAST_test3_0047.wav,U
MSP-PODCAST_test3_0048.wav,C
MSP-PODCAST_test3_0049.wav,F
MSP-PODCAST_test3_0050.wav,A
MSP-PODCAST_test3_0051.wav,C
MSP-PODCAST_test3_0052.wav,C
MSP-PODCAST_test3_0053.wav,D
MSP-PODCAST_test3_0054.wav,C
MSP-PODCAST_test3_0055.wav,H
MSP-PODCAST_test3_0056.wav,D
MSP-PODCAST_test3_0057.wav,F
MSP-PODCAST_test3_0058.wav,A
MSP-PODCAST_test3_0059.wav,A
MSP-PODCAST_test3_0060.wav,A
MSP-PODCAST_test3_0061.wav,D
MSP-PODCAST_test3_0062.wav,U
MSP-PODCAST_test3_0063.wav,A
MSP-PODCAST_test3_0064.wav,H
MSP-PODCAST_test3_0065.wav,U
MSP-PODCAST_test3_0066.wav,C
MSP-PODCAST_test3_0067.wav,N
MSP-PODCAST_test3_0068.wav,D
MSP-PODCAST_test3_0069.wav,U
MSP-PODCAST_test3_0070.wav,S
MSP-PODCAST_test3_0071.wav,H
MSP-PODCAST_test3_0072.wav,A
MSP-PODCAST_test3_0073.wav,D
MSP-PODCAST_test3_0074.wav,D
MSP-PODCAST_test3_0075.wav,H
MSP-PODCAST_test3_0076.wav,H
MSP-PODCAST_test3_0077.wav,U
MSP-PODCAST_test3_0078.wav,A
MSP-PODCAST_test3_0079.wav,C
MSP-PODCAST_test3_0080.wav,U
MSP-PODCAST_test3_0081.wav,C
MSP-PODCAST_test3_0082.wav,U
MSP-PODCAST_test3_0083.wav,C
MSP-PODCAST_test3_0084.wav,D
MSP-PODCAST_test3_0085.wav,D
MSP-PODCAST_test3_0086.wav,C
MSP-PODCAST_test3_0087.wav,D
MSP-PODCAST_test3_0088.wav,U
MSP-PODCAST_test3_0089.wav,A
MSP-PODCAST_test3_0090.wav,D
MSP-PODCAST_test3_0091.wav,U
MSP-PODCAST_test3_0092.wav,U
MSP-PODCAST_test3_0093.wav,U
MSP-PODCAST_test3_0094.wav,F
MSP-PODCAST_test3_0095.wav,H
MSP-PODCAST_test3_0096.wav,S
MSP-PODCAST_test3_0097.wav,C
MSP-PODCAST_test3_0098.wav,F
MSP-PODCAST_test3_0099.wav,H
MSP-PODCAST_test3_0100.wav,H
MSP-PODCAST_test3_0101.wav,H
MSP-PODCAST_test3_0102.wav,A
MSP-PODCAST_test3_0103.wav,S
MSP-PODCAST_test3_0104.wav,A
MSP-PODCAST_test3_0105.wav,C
MSP-PODCAST_test3_0106.wav,C
MSP-PODCAST_test3_0107.wav,C
MSP-PODCAST_test3_0108.wav,H
MSP-PODCAST_test3_0109.wav,U
MSP-PODCAST_test3_0110.wav,N
MSP-PODCAST_test3_0111.wav,C
MSP-PODCAST_test3_0112.wav,D
MSP-PODCAST_test3_0113.wav,C
MSP-PODCAST_test3_0114.wav,D
MSP-PODCAST_test3_0115.wav,H
MSP-PODCAST_test3_0116.wav,H
MSP-PODCAST_test3_0117.wav,H
MSP-PODCAST_test3_0118.wav,C
MSP-PODCAST_test3_0119.wav,C
MSP-PODCAST_test3_0120.wav,C
MSP-PODCAST_test3_0121.wav,D
MSP-PODCAST_test3_0122.wav,H
MSP-PODCAST_test3_0123.wav,H
MSP-PODCAST_test3_0124.wav,H
MSP-PODCAST_test3_0125.wav,U
MSP-PODCAST_test3_0126.wav,H
MSP-PODCAST_test3_0127.wav,U
MSP-PODCAST_test3_0128.wav,N
MSP-PODCAST_test3_0129.wav,N
MSP-PODCAST_test3_0130.wav,U
MSP-PODCAST_test3_0131.wav,U
MSP-PODCAST_test3_0132.wav,N
MSP-PODCAST_test3_0133.wav,U
MSP-PODCAST_test3_0134.wav,S
MSP-PODCAST_test3_0135.wav,N
MSP-PODCAST_test3_0136.wav,H
MSP-PODCAST_test3_0137.wav,S
MSP-PODCAST_test3_0138.wav,S
MSP-PODCAST_test3_0139.wav,U
MSP-PODCAST_test3_0140.wav,N
MSP-PODCAST_test3_0141.wav,C
MSP-PODCAST_test3_0142.wav,S
MSP-PODCAST_test3_0143.wav,N
MSP-PODCAST_test3_0144.wav,D
MSP-PODCAST_test3_0145.wav,N
MSP-PODCAST_test3_0146.wav,S
MSP-PODCAST_test3_0147.wav,U
MSP-PODCAST_test3_0148.wav,U
MSP-PODCAST_test3_0149.wav,S
MSP-PODCAST_test3_0150.wav,C
MSP-PODCAST_test3_0151.wav,C
MSP-PODCAST_test3_0152.wav,N
MSP-PODCAST_test3_0153.wav,D
MSP-PODCAST_test3_0154.wav,S
MSP-PODCAST_test3_0155.wav,H
MSP-PODCAST_test3_0156.wav,N
MSP-PODCAST_test3_0157.wav,U
MSP-PODCAST_test3_0158.wav,D
MSP-PODCAST_test3_0159.wav,F
MSP-PODCAST_test3_0160.wav,U
MSP-PODCAST_test3_0161.wav,N
MSP-PODCAST_test3_0162.wav,F
MSP-PODCAST_test3_0163.wav,N
MSP-PODCAST_test3_0164.wav,U
MSP-PODCAST_test3_0165.wav,N
MSP-PODCAST_test3_0166.wav,H
MSP-PODCAST_test3_0167.wav,H
MSP-PODCAST_test3_0168.wav,H
MSP-PODCAST_test3_0169.wav,C
MSP-PODCAST_test3_0170.wav,C
MSP-PODCAST_test3_0171.wav,A
MSP-PODCAST_test3_0172.wav,H
MSP-PODCAST_test3_0173.wav,N
MSP-PODCAST_test3_0174.wav,H
MSP-PODCAST_test3_0175.wav,N
MSP-PODCAST_test3_0176.wav,H
MSP-PODCAST_test3_0177.wav,A
MSP-PODCAST_test3_0178.wav,H
MSP-PODCAST_test3_0179.wav,A
MSP-PODCAST_test3_0180.wav,A
MSP-PODCAST_test3_0181.wav,A
MSP-PODCAST_test3_0182.wav,H
MSP-PODCAST_test3_0183.wav,C
MSP-PODCAST_test3_0184.wav,H
MSP-PODCAST_test3_0185.wav,A
MSP-PODCAST_test3_0186.wav,A
MSP-PODCAST_test3_0187.wav,S
MSP-PODCAST_test3_0188.wav,S
MSP-PODCAST_test3_0189.wav,H
MSP-PODCAST_test3_0190.wav,D
MSP-PODCAST_test3_0191.wav,H
MSP-PODCAST_test3_0192.wav,H
MSP-PODCAST_test3_0193.wav,A
MSP-PODCAST_test3_0194.wav,A
MSP-PODCAST_test3_0195.wav,A
MSP-PODCAST_test3_0196.wav,A
MSP-PODCAST_test3_0197.wav,C
MSP-PODCAST_test3_0198.wav,A
MSP-PODCAST_test3_0199.wav,U
MSP-PODCAST_test3_0200.wav,A
MSP-PODCAST_test3_0201.wav,A
MSP-PODCAST_test3_0202.wav,A
MSP-PODCAST_test3_0203.wav,A
MSP-PODCAST_test3_0204.wav,U
MSP-PODCAST_test3_0205.wav,A
MSP-PODCAST_test3_0206.wav,C
MSP-PODCAST_test3_0207.wav,C
MSP-PODCAST_test3_0208.wav,H
MSP-PODCAST_test3_0209.wav,A
MSP-PODCAST_test3_0210.wav,U
MSP-PODCAST_test3_0211.wav,F
MSP-PODCAST_test3_0212.wav,C
MSP-PODCAST_test3_0213.wav,F
MSP-PODCAST_test3_0214.wav,C
MSP-PODCAST_test3_0215.wav,D
MSP-PODCAST_test3_0216.wav,A
MSP-PODCAST_test3_0217.wav,A
MSP-PODCAST_test3_0218.wav,F
MSP-PODCAST_test3_0219.wav,A
MSP-PODCAST_test3_0220.wav,A
MSP-PODCAST_test3_0221.wav,A
MSP-PODCAST_test3_0222.wav,A
MSP-PODCAST_test3_0223.wav,A
MSP-PODCAST_test3_0224.wav,A
MSP-PODCAST_test3_0225.wav,H
MSP-PODCAST_test3_0226.wav,S
MSP-PODCAST_test3_0227.wav,A
MSP-PODCAST_test3_0228.wav,U
MSP-PODCAST_test3_0229.wav,A
MSP-PODCAST_test3_0230.wav,S
MSP-PODCAST_test3_0231.wav,A
MSP-PODCAST_test3_0232.wav,A
MSP-PODCAST_test3_0233.wav,S
MSP-PODCAST_test3_0234.wav,U
MSP-PODCAST_test3_0235.wav,A
MSP-PODCAST_test3_0236.wav,A
MSP-PODCAST_test3_0237.wav,A
MSP-PODCAST_test3_0238.wav,A
MSP-PODCAST_test3_0239.wav,A
MSP-PODCAST_test3_0240.wav,A
MSP-PODCAST_test3_0241.wav,C
MSP-PODCAST_test3_0242.wav,A
MSP-PODCAST_test3_0243.wav,A
MSP-PODCAST_test3_0244.wav,A
MSP-PODCAST_test3_0245.wav,A
MSP-PODCAST_test3_0246.wav,A
MSP-PODCAST_test3_0247.wav,F
MSP-PODCAST_test3_0248.wav,C
MSP-PODCAST_test3_0249.wav,N
MSP-PODCAST_test3_0250.wav,A
MSP-PODCAST_test3_0251.wav,A
MSP-PODCAST_test3_0252.wav,A
MSP-PODCAST_test3_0253.wav,F
MSP-PODCAST_test3_0254.wav,A
MSP-PODCAST_test3_0255.wav,A
MSP-PODCAST_test3_0256.wav,A
MSP-PODCAST_test3_0257.wav,F
MSP-PODCAST_test3_0258.wav,A
MSP-PODCAST_test3_0259.wav,D
MSP-PODCAST_test3_0260.wav,A
MSP-PODCAST_test3_0261.wav,A
MSP-PODCAST_test3_0262.wav,F
MSP-PODCAST_test3_0263.wav,N
MSP-PODCAST_test3_0264.wav,A
MSP-PODCAST_test3_0265.wav,N
MSP-PODCAST_test3_0266.wav,N
MSP-PODCAST_test3_0267.wav,A
MSP-PODCAST_test3_0268.wav,D
MSP-PODCAST_test3_0269.wav,N
MSP-PODCAST_test3_0270.wav,S
MSP-PODCAST_test3_0271.wav,N
MSP-PODCAST_test3_0272.wav,U
MSP-PODCAST_test3_0273.wav,N
MSP-PODCAST_test3_0274.wav,N
MSP-PODCAST_test3_0275.wav,H
MSP-PODCAST_test3_0276.wav,U
MSP-PODCAST_test3_0277.wav,N
MSP-PODCAST_test3_0278.wav,N
MSP-PODCAST_test3_0279.wav,N
MSP-PODCAST_test3_0280.wav,U
MSP-PODCAST_test3_0281.wav,H
MSP-PODCAST_test3_0282.wav,N
MSP-PODCAST_test3_0283.wav,H
MSP-PODCAST_test3_0284.wav,U
MSP-PODCAST_test3_0285.wav,U
MSP-PODCAST_test3_0286.wav,A
MSP-PODCAST_test3_0287.wav,A
MSP-PODCAST_test3_0288.wav,A
MSP-PODCAST_test3_0289.wav,A
MSP-PODCAST_test3_0290.wav,A
MSP-PODCAST_test3_0291.wav,U
MSP-PODCAST_test3_0292.wav,A
MSP-PODCAST_test3_0293.wav,N
MSP-PODCAST_test3_0294.wav,A
MSP-PODCAST_test3_0295.wav,H
MSP-PODCAST_test3_0296.wav,F
MSP-PODCAST_test3_0297.wav,U
MSP-PODCAST_test3_0298.wav,A
MSP-PODCAST_test3_0299.wav,A
MSP-PODCAST_test3_0300.wav,H
MSP-PODCAST_test3_0301.wav,A
MSP-PODCAST_test3_0302.wav,A
MSP-PODCAST_test3_0303.wav,A
MSP-PODCAST_test3_0304.wav,N
MSP-PODCAST_test3_0305.wav,A
MSP-PODCAST_test3_0306.wav,F
MSP-PODCAST_test3_0307.wav,A
MSP-PODCAST_test3_0308.wav,A
MSP-PODCAST_test3_0309.wav,H
MSP-PODCAST_test3_0310.wav,A
MSP-PODCAST_test3_0311.wav,H
MSP-PODCAST_test3_0312.wav,A
MSP-PODCAST_test3_0313.wav,F
MSP-PODCAST_test3_0314.wav,A
MSP-PODCAST_test3_0315.wav,A
MSP-PODCAST_test3_0316.wav,A
MSP-PODCAST_test3_0317.wav,N
MSP-PODCAST_test3_0318.wav,A
MSP-PODCAST_test3_0319.wav,A
MSP-PODCAST_test3_0320.wav,A
MSP-PODCAST_test3_0321.wav,N
MSP-PODCAST_test3_0322.wav,H
MSP-PODCAST_test3_0323.wav,A
MSP-PODCAST_test3_0324.wav,A
MSP-PODCAST_test3_0325.wav,A
MSP-PODCAST_test3_0326.wav,A
MSP-PODCAST_test3_0327.wav,A
MSP-PODCAST_test3_0328.wav,A
MSP-PODCAST_test3_0329.wav,A
MSP-PODCAST_test3_0330.wav,A
MSP-PODCAST_test3_0331.wav,D
MSP-PODCAST_test3_0332.wav,N
MSP-PODCAST_test3_0333.wav,A
MSP-PODCAST_test3_0334.wav,N
MSP-PODCAST_test3_0335.wav,A
MSP-PODCAST_test3_0336.wav,C
MSP-PODCAST_test3_0337.wav,S
MSP-PODCAST_test3_0338.wav,A
MSP-PODCAST_test3_0339.wav,U
MSP-PODCAST_test3_0340.wav,A
MSP-PODCAST_test3_0341.wav,A
MSP-PODCAST_test3_0342.wav,A
MSP-PODCAST_test3_0343.wav,U
MSP-PODCAST_test3_0344.wav,H
MSP-PODCAST_test3_0345.wav,A
MSP-PODCAST_test3_0346.wav,A
MSP-PODCAST_test3_0347.wav,C
MSP-PODCAST_test3_0348.wav,S
MSP-PODCAST_test3_0349.wav,A
MSP-PODCAST_test3_0350.wav,H
MSP-PODCAST_test3_0351.wav,S
MSP-PODCAST_test3_0352.wav,A
MSP-PODCAST_test3_0353.wav,A
MSP-PODCAST_test3_0354.wav,A
MSP-PODCAST_test3_0355.wav,H
MSP-PODCAST_test3_0356.wav,F
MSP-PODCAST_test3_0357.wav,A
MSP-PODCAST_test3_0358.wav,A
MSP-PODCAST_test3_0359.wav,A
MSP-PODCAST_test3_0360.wav,U
MSP-PODCAST_test3_0361.wav,U
MSP-PODCAST_test3_0362.wav,A
MSP-PODCAST_test3_0363.wav,A
MSP-PODCAST_test3_0364.wav,A
MSP-PODCAST_test3_0365.wav,A
MSP-PODCAST_test3_0366.wav,A
MSP-PODCAST_test3_0367.wav,H
MSP-PODCAST_test3_0368.wav,C
MSP-PODCAST_test3_0369.wav,H
MSP-PODCAST_test3_0370.wav,A
MSP-PODCAST_test3_0371.wav,N
MSP-PODCAST_test3_0372.wav,A
MSP-PODCAST_test3_0373.wav,A
MSP-PODCAST_test3_0374.wav,D
MSP-PODCAST_test3_0375.wav,A
MSP-PODCAST_test3_0376.wav,A
MSP-PODCAST_test3_0377.wav,N
MSP-PODCAST_test3_0378.wav,S
MSP-PODCAST_test3_0379.wav,A
MSP-PODCAST_test3_0380.wav,H
MSP-PODCAST_test3_0381.wav,A
MSP-PODCAST_test3_0382.wav,A
MSP-PODCAST_test3_0383.wav,N
MSP-PODCAST_test3_0384.wav,A
MSP-PODCAST_test3_0385.wav,A
MSP-PODCAST_test3_0386.wav,C
MSP-PODCAST_test3_0387.wav,A
MSP-PODCAST_test3_0388.wav,U
MSP-PODCAST_test3_0389.wav,C
MSP-PODCAST_test3_0390.wav,A
MSP-PODCAST_test3_0391.wav,S
MSP-PODCAST_test3_0392.wav,A
MSP-PODCAST_test3_0393.wav,A
MSP-PODCAST_test3_0394.wav,A
MSP-PODCAST_test3_0395.wav,A
MSP-PODCAST_test3_0396.wav,A
MSP-PODCAST_test3_0397.wav,A
MSP-PODCAST_test3_0398.wav,A
MSP-PODCAST_test3_0399.wav,A
MSP-PODCAST_test3_0400.wav,U
MSP-PODCAST_test3_0401.wav,N
MSP-PODCAST_test3_0402.wav,C
MSP-PODCAST_test3_0403.wav,A
MSP-PODCAST_test3_0404.wav,A
MSP-PODCAST_test3_0405.wav,F
MSP-PODCAST_test3_0406.wav,H
MSP-PODCAST_test3_0407.wav,A
MSP-PODCAST_test3_0408.wav,C
MSP-PODCAST_test3_0409.wav,A
MSP-PODCAST_test3_0410.wav,A
MSP-PODCAST_test3_0411.wav,F
MSP-PODCAST_test3_0412.wav,A
MSP-PODCAST_test3_0413.wav,A
MSP-PODCAST_test3_0414.wav,A
MSP-PODCAST_test3_0415.wav,A
MSP-PODCAST_test3_0416.wav,A
MSP-PODCAST_test3_0417.wav,D
MSP-PODCAST_test3_0418.wav,A
MSP-PODCAST_test3_0419.wav,A
MSP-PODCAST_test3_0420.wav,C
MSP-PODCAST_test3_0421.wav,U
MSP-PODCAST_test3_0422.wav,H
MSP-PODCAST_test3_0423.wav,U
MSP-PODCAST_test3_0424.wav,N
MSP-PODCAST_test3_0425.wav,U
MSP-PODCAST_test3_0426.wav,H
MSP-PODCAST_test3_0427.wav,N
MSP-PODCAST_test3_0428.wav,F
MSP-PODCAST_test3_0429.wav,H
MSP-PODCAST_test3_0430.wav,F
MSP-PODCAST_test3_0431.wav,U
MSP-PODCAST_test3_0432.wav,F
MSP-PODCAST_test3_0433.wav,F
MSP-PODCAST_test3_0434.wav,N
MSP-PODCAST_test3_0435.wav,U
MSP-PODCAST_test3_0436.wav,H
MSP-PODCAST_test3_0437.wav,H
MSP-PODCAST_test3_0438.wav,H
MSP-PODCAST_test3_0439.wav,D
MSP-PODCAST_test3_0440.wav,A
MSP-PODCAST_test3_0441.wav,A
MSP-PODCAST_test3_0442.wav,F
MSP-PODCAST_test3_0443.wav,F
MSP-PODCAST_test3_0444.wav,A
MSP-PODCAST_test3_0445.wav,A
MSP-PODCAST_test3_0446.wav,A
MSP-PODCAST_test3_0447.wav,A
MSP-PODCAST_test3_0448.wav,U
MSP-PODCAST_test3_0449.wav,A
MSP-PODCAST_test3_0450.wav,C
MSP-PODCAST_test3_0451.wav,H
MSP-PODCAST_test3_0452.wav,A
MSP-PODCAST_test3_0453.wav,A
MSP-PODCAST_test3_0454.wav,A
MSP-PODCAST_test3_0455.wav,A
MSP-PODCAST_test3_0456.wav,H
MSP-PODCAST_test3_0457.wav,U
MSP-PODCAST_test3_0458.wav,H
MSP-PODCAST_test3_0459.wav,H
MSP-PODCAST_test3_0460.wav,U
MSP-PODCAST_test3_0461.wav,F
MSP-PODCAST_test3_0462.wav,F
MSP-PODCAST_test3_0463.wav,H
MSP-PODCAST_test3_0464.wav,H
MSP-PODCAST_test3_0465.wav,H
MSP-PODCAST_test3_0466.wav,U
MSP-PODCAST_test3_0467.wav,S
MSP-PODCAST_test3_0468.wav,C
MSP-PODCAST_test3_0469.wav,N
MSP-PODCAST_test3_0470.wav,N
MSP-PODCAST_test3_0471.wav,U
MSP-PODCAST_test3_0472.wav,S
MSP-PODCAST_test3_0473.wav,S
MSP-PODCAST_test3_0474.wav,N
MSP-PODCAST_test3_0475.wav,N
MSP-PODCAST_test3_0476.wav,N
MSP-PODCAST_test3_0477.wav,N
MSP-PODCAST_test3_0478.wav,S
MSP-PODCAST_test3_0479.wav,S
MSP-PODCAST_test3_0480.wav,N
MSP-PODCAST_test3_0481.wav,S
MSP-PODCAST_test3_0482.wav,U
MSP-PODCAST_test3_0483.wav,S
MSP-PODCAST_test3_0484.wav,F
MSP-PODCAST_test3_0485.wav,S
MSP-PODCAST_test3_0486.wav,N
MSP-PODCAST_test3_0487.wav,S
MSP-PODCAST_test3_0488.wav,S
MSP-PODCAST_test3_0489.wav,N
MSP-PODCAST_test3_0490.wav,N
MSP-PODCAST_test3_0491.wav,S
MSP-PODCAST_test3_0492.wav,C
MSP-PODCAST_test3_0493.wav,N
MSP-PODCAST_test3_0494.wav,N
MSP-PODCAST_test3_0495.wav,N
MSP-PODCAST_test3_0496.wav,F
MSP-PODCAST_test3_0497.wav,N
MSP-PODCAST_test3_0498.wav,S
MSP-PODCAST_test3_0499.wav,S
MSP-PODCAST_test3_0500.wav,N
MSP-PODCAST_test3_0501.wav,S
MSP-PODCAST_test3_0502.wav,H
MSP-PODCAST_test3_0503.wav,S
MSP-PODCAST_test3_0504.wav,S
MSP-PODCAST_test3_0505.wav,S
MSP-PODCAST_test3_0506.wav,S
MSP-PODCAST_test3_0507.wav,N
MSP-PODCAST_test3_0508.wav,S
MSP-PODCAST_test3_0509.wav,S
MSP-PODCAST_test3_0510.wav,S
MSP-PODCAST_test3_0511.wav,C
MSP-PODCAST_test3_0512.wav,N
MSP-PODCAST_test3_0513.wav,S
MSP-PODCAST_test3_0514.wav,C
MSP-PODCAST_test3_0515.wav,U
MSP-PODCAST_test3_0516.wav,C
MSP-PODCAST_test3_0517.wav,N
MSP-PODCAST_test3_0518.wav,S
MSP-PODCAST_test3_0519.wav,U
MSP-PODCAST_test3_0520.wav,N
MSP-PODCAST_test3_0521.wav,N
MSP-PODCAST_test3_0522.wav,U
MSP-PODCAST_test3_0523.wav,U
MSP-PODCAST_test3_0524.wav,D
MSP-PODCAST_test3_0525.wav,U
MSP-PODCAST_test3_0526.wav,U
MSP-PODCAST_test3_0527.wav,C
MSP-PODCAST_test3_0528.wav,C
MSP-PODCAST_test3_0529.wav,C
MSP-PODCAST_test3_0530.wav,D
MSP-PODCAST_test3_0531.wav,C
MSP-PODCAST_test3_0532.wav,D
MSP-PODCAST_test3_0533.wav,D
MSP-PODCAST_test3_0534.wav,D
MSP-PODCAST_test3_0535.wav,D
MSP-PODCAST_test3_0536.wav,A
MSP-PODCAST_test3_0537.wav,N
MSP-PODCAST_test3_0538.wav,N
MSP-PODCAST_test3_0539.wav,U
MSP-PODCAST_test3_0540.wav,N
MSP-PODCAST_test3_0541.wav,N
MSP-PODCAST_test3_0542.wav,A
MSP-PODCAST_test3_0543.wav,A
MSP-PODCAST_test3_0544.wav,N
MSP-PODCAST_test3_0545.wav,A
MSP-PODCAST_test3_0546.wav,D
MSP-PODCAST_test3_0547.wav,U
MSP-PODCAST_test3_0548.wav,A
MSP-PODCAST_test3_0549.wav,U
MSP-PODCAST_test3_0550.wav,S
MSP-PODCAST_test3_0551.wav,C
MSP-PODCAST_test3_0552.wav,S
MSP-PODCAST_test3_0553.wav,C
MSP-PODCAST_test3_0554.wav,U
MSP-PODCAST_test3_0555.wav,A
MSP-PODCAST_test3_0556.wav,S
MSP-PODCAST_test3_0557.wav,S
MSP-PODCAST_test3_0558.wav,S
MSP-PODCAST_test3_0559.wav,U
MSP-PODCAST_test3_0560.wav,N
MSP-PODCAST_test3_0561.wav,H
MSP-PODCAST_test3_0562.wav,U
MSP-PODCAST_test3_0563.wav,A
MSP-PODCAST_test3_0564.wav,U
MSP-PODCAST_test3_0565.wav,S
MSP-PODCAST_test3_0566.wav,N
MSP-PODCAST_test3_0567.wav,N
MSP-PODCAST_test3_0568.wav,S
MSP-PODCAST_test3_0569.wav,C
MSP-PODCAST_test3_0570.wav,N
MSP-PODCAST_test3_0571.wav,U
MSP-PODCAST_test3_0572.wav,U
MSP-PODCAST_test3_0573.wav,N
MSP-PODCAST_test3_0574.wav,C
MSP-PODCAST_test3_0575.wav,N
MSP-PODCAST_test3_0576.wav,A
MSP-PODCAST_test3_0577.wav,N
MSP-PODCAST_test3_0578.wav,D
MSP-PODCAST_test3_0579.wav,C
MSP-PODCAST_test3_0580.wav,A
MSP-PODCAST_test3_0581.wav,S
MSP-PODCAST_test3_0582.wav,S
MSP-PODCAST_test3_0583.wav,C
MSP-PODCAST_test3_0584.wav,S
MSP-PODCAST_test3_0585.wav,A
MSP-PODCAST_test3_0586.wav,A
MSP-PODCAST_test3_0587.wav,D
MSP-PODCAST_test3_0588.wav,A
MSP-PODCAST_test3_0589.wav,A
MSP-PODCAST_test3_0590.wav,D
MSP-PODCAST_test3_0591.wav,N
MSP-PODCAST_test3_0592.wav,D
MSP-PODCAST_test3_0593.wav,A
MSP-PODCAST_test3_0594.wav,F
MSP-PODCAST_test3_0595.wav,N
MSP-PODCAST_test3_0596.wav,S
MSP-PODCAST_test3_0597.wav,H
MSP-PODCAST_test3_0598.wav,H
MSP-PODCAST_test3_0599.wav,H
MSP-PODCAST_test3_0600.wav,N
MSP-PODCAST_test3_0601.wav,S
MSP-PODCAST_test3_0602.wav,F
MSP-PODCAST_test3_0603.wav,S
MSP-PODCAST_test3_0604.wav,S
MSP-PODCAST_test3_0605.wav,C
MSP-PODCAST_test3_0606.wav,U
MSP-PODCAST_test3_0607.wav,S
MSP-PODCAST_test3_0608.wav,S
MSP-PODCAST_test3_0609.wav,S
MSP-PODCAST_test3_0610.wav,U
MSP-PODCAST_test3_0611.wav,S
MSP-PODCAST_test3_0612.wav,F
MSP-PODCAST_test3_0613.wav,N
MSP-PODCAST_test3_0614.wav,A
MSP-PODCAST_test3_0615.wav,N
MSP-PODCAST_test3_0616.wav,N
MSP-PODCAST_test3_0617.wav,F
MSP-PODCAST_test3_0618.wav,A
MSP-PODCAST_test3_0619.wav,N
MSP-PODCAST_test3_0620.wav,U
MSP-PODCAST_test3_0621.wav,N
MSP-PODCAST_test3_0622.wav,U
MSP-PODCAST_test3_0623.wav,A
MSP-PODCAST_test3_0624.wav,A
MSP-PODCAST_test3_0625.wav,A
MSP-PODCAST_test3_0626.wav,A
MSP-PODCAST_test3_0627.wav,F
MSP-PODCAST_test3_0628.wav,N
MSP-PODCAST_test3_0629.wav,N
MSP-PODCAST_test3_0630.wav,A
MSP-PODCAST_test3_0631.wav,S
MSP-PODCAST_test3_0632.wav,H
MSP-PODCAST_test3_0633.wav,A
MSP-PODCAST_test3_0634.wav,A
MSP-PODCAST_test3_0635.wav,N
MSP-PODCAST_test3_0636.wav,A
MSP-PODCAST_test3_0637.wav,S
MSP-PODCAST_test3_0638.wav,U
MSP-PODCAST_test3_0639.wav,H
MSP-PODCAST_test3_0640.wav,A
MSP-PODCAST_test3_0641.wav,A
MSP-PODCAST_test3_0642.wav,C
MSP-PODCAST_test3_0643.wav,U
MSP-PODCAST_test3_0644.wav,C
MSP-PODCAST_test3_0645.wav,H
MSP-PODCAST_test3_0646.wav,H
MSP-PODCAST_test3_0647.wav,N
MSP-PODCAST_test3_0648.wav,N
MSP-PODCAST_test3_0649.wav,U
MSP-PODCAST_test3_0650.wav,A
MSP-PODCAST_test3_0651.wav,N
MSP-PODCAST_test3_0652.wav,C
MSP-PODCAST_test3_0653.wav,S
MSP-PODCAST_test3_0654.wav,H
MSP-PODCAST_test3_0655.wav,N
MSP-PODCAST_test3_0656.wav,S
MSP-PODCAST_test3_0657.wav,C
MSP-PODCAST_test3_0658.wav,N
MSP-PODCAST_test3_0659.wav,H
MSP-PODCAST_test3_0660.wav,N
MSP-PODCAST_test3_0661.wav,N
MSP-PODCAST_test3_0662.wav,C
MSP-PODCAST_test3_0663.wav,N
MSP-PODCAST_test3_0664.wav,N
MSP-PODCAST_test3_0665.wav,N
MSP-PODCAST_test3_0666.wav,U
MSP-PODCAST_test3_0667.wav,U
MSP-PODCAST_test3_0668.wav,C
MSP-PODCAST_test3_0669.wav,U
MSP-PODCAST_test3_0670.wav,S
MSP-PODCAST_test3_0671.wav,N
MSP-PODCAST_test3_0672.wav,C
MSP-PODCAST_test3_0673.wav,H
MSP-PODCAST_test3_0674.wav,F
MSP-PODCAST_test3_0675.wav,N
MSP-PODCAST_test3_0676.wav,H
MSP-PODCAST_test3_0677.wav,H
MSP-PODCAST_test3_0678.wav,H
MSP-PODCAST_test3_0679.wav,N
MSP-PODCAST_test3_0680.wav,S
MSP-PODCAST_test3_0681.wav,N
MSP-PODCAST_test3_0682.wav,H
MSP-PODCAST_test3_0683.wav,H
MSP-PODCAST_test3_0684.wav,H
MSP-PODCAST_test3_0685.wav,F
MSP-PODCAST_test3_0686.wav,A
MSP-PODCAST_test3_0687.wav,N
MSP-PODCAST_test3_0688.wav,H
MSP-PODCAST_test3_0689.wav,A
MSP-PODCAST_test3_0690.wav,S
MSP-PODCAST_test3_0691.wav,H
MSP-PODCAST_test3_0692.wav,S
MSP-PODCAST_test3_0693.wav,N
MSP-PODCAST_test3_0694.wav,A
MSP-PODCAST_test3_0695.wav,N
MSP-PODCAST_test3_0696.wav,N
MSP-PODCAST_test3_0697.wav,U
MSP-PODCAST_test3_0698.wav,U
MSP-PODCAST_test3_0699.wav,S
MSP-PODCAST_test3_0700.wav,N
MSP-PODCAST_test3_0701.wav,U
MSP-PODCAST_test3_0702.wav,N
MSP-PODCAST_test3_0703.wav,U
MSP-PODCAST_test3_0704.wav,U
MSP-PODCAST_test3_0705.wav,H
MSP-PODCAST_test3_0706.wav,N
MSP-PODCAST_test3_0707.wav,H
MSP-PODCAST_test3_0708.wav,H
MSP-PODCAST_test3_0709.wav,N
MSP-PODCAST_test3_0710.wav,H
MSP-PODCAST_test3_0711.wav,H
MSP-PODCAST_test3_0712.wav,H
MSP-PODCAST_test3_0713.wav,S
MSP-PODCAST_test3_0714.wav,S
MSP-PODCAST_test3_0715.wav,N
MSP-PODCAST_test3_0716.wav,S
MSP-PODCAST_test3_0717.wav,N
MSP-PODCAST_test3_0718.wav,N
MSP-PODCAST_test3_0719.wav,N
MSP-PODCAST_test3_0720.wav,S
MSP-PODCAST_test3_0721.wav,S
MSP-PODCAST_test3_0722.wav,S
MSP-PODCAST_test3_0723.wav,H
MSP-PODCAST_test3_0724.wav,S
MSP-PODCAST_test3_0725.wav,S
MSP-PODCAST_test3_0726.wav,S
MSP-PODCAST_test3_0727.wav,D
MSP-PODCAST_test3_0728.wav,F
MSP-PODCAST_test3_0729.wav,S
MSP-PODCAST_test3_0730.wav,S
MSP-PODCAST_test3_0731.wav,N
MSP-PODCAST_test3_0732.wav,S
MSP-PODCAST_test3_0733.wav,S
MSP-PODCAST_test3_0734.wav,N
MSP-PODCAST_test3_0735.wav,F
MSP-PODCAST_test3_0736.wav,S
MSP-PODCAST_test3_0737.wav,U
MSP-PODCAST_test3_0738.wav,H
MSP-PODCAST_test3_0739.wav,S
MSP-PODCAST_test3_0740.wav,F
MSP-PODCAST_test3_0741.wav,F
MSP-PODCAST_test3_0742.wav,S
MSP-PODCAST_test3_0743.wav,F
MSP-PODCAST_test3_0744.wav,S
MSP-PODCAST_test3_0745.wav,A
MSP-PODCAST_test3_0746.wav,S
MSP-PODCAST_test3_0747.wav,S
MSP-PODCAST_test3_0748.wav,S
MSP-PODCAST_test3_0749.wav,A
MSP-PODCAST_test3_0750.wav,S
MSP-PODCAST_test3_0751.wav,S
MSP-PODCAST_test3_0752.wav,S
MSP-PODCAST_test3_0753.wav,S
MSP-PODCAST_test3_0754.wav,N
MSP-PODCAST_test3_0755.wav,S
MSP-PODCAST_test3_0756.wav,S
MSP-PODCAST_test3_0757.wav,N
MSP-PODCAST_test3_0758.wav,C
MSP-PODCAST_test3_0759.wav,S
MSP-PODCAST_test3_0760.wav,S
MSP-PODCAST_test3_0761.wav,S
MSP-PODCAST_test3_0762.wav,S
MSP-PODCAST_test3_0763.wav,S
MSP-PODCAST_test3_0764.wav,U
MSP-PODCAST_test3_0765.wav,N
MSP-PODCAST_test3_0766.wav,A
MSP-PODCAST_test3_0767.wav,F
MSP-PODCAST_test3_0768.wav,S
MSP-PODCAST_test3_0769.wav,U
MSP-PODCAST_test3_0770.wav,S
MSP-PODCAST_test3_0771.wav,A
MSP-PODCAST_test3_0772.wav,S
MSP-PODCAST_test3_0773.wav,S
MSP-PODCAST_test3_0774.wav,U
MSP-PODCAST_test3_0775.wav,U
MSP-PODCAST_test3_0776.wav,H
MSP-PODCAST_test3_0777.wav,S
MSP-PODCAST_test3_0778.wav,F
MSP-PODCAST_test3_0779.wav,F
MSP-PODCAST_test3_0780.wav,N
MSP-PODCAST_test3_0781.wav,N
MSP-PODCAST_test3_0782.wav,S
MSP-PODCAST_test3_0783.wav,N
MSP-PODCAST_test3_0784.wav,N
MSP-PODCAST_test3_0785.wav,S
MSP-PODCAST_test3_0786.wav,S
MSP-PODCAST_test3_0787.wav,S
MSP-PODCAST_test3_0788.wav,S
MSP-PODCAST_test3_0789.wav,N
MSP-PODCAST_test3_0790.wav,F
MSP-PODCAST_test3_0791.wav,S
MSP-PODCAST_test3_0792.wav,N
MSP-PODCAST_test3_0793.wav,S
MSP-PODCAST_test3_0794.wav,F
MSP-PODCAST_test3_0795.wav,S
MSP-PODCAST_test3_0796.wav,A
MSP-PODCAST_test3_0797.wav,D
MSP-PODCAST_test3_0798.wav,H
MSP-PODCAST_test3_0799.wav,F
MSP-PODCAST_test3_0800.wav,A
MSP-PODCAST_test3_0801.wav,U
MSP-PODCAST_test3_0802.wav,A
MSP-PODCAST_test3_0803.wav,N
MSP-PODCAST_test3_0804.wav,H
MSP-PODCAST_test3_0805.wav,N
MSP-PODCAST_test3_0806.wav,N
MSP-PODCAST_test3_0807.wav,S
MSP-PODCAST_test3_0808.wav,N
MSP-PODCAST_test3_0809.wav,U
MSP-PODCAST_test3_0810.wav,A
MSP-PODCAST_test3_0811.wav,F
MSP-PODCAST_test3_0812.wav,D
MSP-PODCAST_test3_0813.wav,N
MSP-PODCAST_test3_0814.wav,A
MSP-PODCAST_test3_0815.wav,S
MSP-PODCAST_test3_0816.wav,H
MSP-PODCAST_test3_0817.wav,A
MSP-PODCAST_test3_0818.wav,A
MSP-PODCAST_test3_0819.wav,S
MSP-PODCAST_test3_0820.wav,U
MSP-PODCAST_test3_0821.wav,A
MSP-PODCAST_test3_0822.wav,S
MSP-PODCAST_test3_0823.wav,H
MSP-PODCAST_test3_0824.wav,N
MSP-PODCAST_test3_0825.wav,H
MSP-PODCAST_test3_0826.wav,N
MSP-PODCAST_test3_0827.wav,U
MSP-PODCAST_test3_0828.wav,A
MSP-PODCAST_test3_0829.wav,H
MSP-PODCAST_test3_0830.wav,N
MSP-PODCAST_test3_0831.wav,C
MSP-PODCAST_test3_0832.wav,F
MSP-PODCAST_test3_0833.wav,F
MSP-PODCAST_test3_0834.wav,A
MSP-PODCAST_test3_0835.wav,U
MSP-PODCAST_test3_0836.wav,A
MSP-PODCAST_test3_0837.wav,A
MSP-PODCAST_test3_0838.wav,A
MSP-PODCAST_test3_0839.wav,A
MSP-PODCAST_test3_0840.wav,N
MSP-PODCAST_test3_0841.wav,A
MSP-PODCAST_test3_0842.wav,H
MSP-PODCAST_test3_0843.wav,S
MSP-PODCAST_test3_0844.wav,U
MSP-PODCAST_test3_0845.wav,N
MSP-PODCAST_test3_0846.wav,N
MSP-PODCAST_test3_0847.wav,A
MSP-PODCAST_test3_0848.wav,N
MSP-PODCAST_test3_0849.wav,F
MSP-PODCAST_test3_0850.wav,N
MSP-PODCAST_test3_0851.wav,F
MSP-PODCAST_test3_0852.wav,S
MSP-PODCAST_test3_0853.wav,N
MSP-PODCAST_test3_0854.wav,H
MSP-PODCAST_test3_0855.wav,N
MSP-PODCAST_test3_0856.wav,N
MSP-PODCAST_test3_0857.wav,N
MSP-PODCAST_test3_0858.wav,H
MSP-PODCAST_test3_0859.wav,U
MSP-PODCAST_test3_0860.wav,C
MSP-PODCAST_test3_0861.wav,S
MSP-PODCAST_test3_0862.wav,N
MSP-PODCAST_test3_0863.wav,N
MSP-PODCAST_test3_0864.wav,N
MSP-PODCAST_test3_0865.wav,N
MSP-PODCAST_test3_0866.wav,N
MSP-PODCAST_test3_0867.wav,S
MSP-PODCAST_test3_0868.wav,H
MSP-PODCAST_test3_0869.wav,D
MSP-PODCAST_test3_0870.wav,H
MSP-PODCAST_test3_0871.wav,H
MSP-PODCAST_test3_0872.wav,H
MSP-PODCAST_test3_0873.wav,S
MSP-PODCAST_test3_0874.wav,H
MSP-PODCAST_test3_0875.wav,N
MSP-PODCAST_test3_0876.wav,C
MSP-PODCAST_test3_0877.wav,H
MSP-PODCAST_test3_0878.wav,U
MSP-PODCAST_test3_0879.wav,D
MSP-PODCAST_test3_0880.wav,H
MSP-PODCAST_test3_0881.wav,D
MSP-PODCAST_test3_0882.wav,U
MSP-PODCAST_test3_0883.wav,H
MSP-PODCAST_test3_0884.wav,U
MSP-PODCAST_test3_0885.wav,A
MSP-PODCAST_test3_0886.wav,S
MSP-PODCAST_test3_0887.wav,S
MSP-PODCAST_test3_0888.wav,U
MSP-PODCAST_test3_0889.wav,N
MSP-PODCAST_test3_0890.wav,N
MSP-PODCAST_test3_0891.wav,N
MSP-PODCAST_test3_0892.wav,S
MSP-PODCAST_test3_0893.wav,F
MSP-PODCAST_test3_0894.wav,H
MSP-PODCAST_test3_0895.wav,S
MSP-PODCAST_test3_0896.wav,H
MSP-PODCAST_test3_0897.wav,N
MSP-PODCAST_test3_0898.wav,F
MSP-PODCAST_test3_0899.wav,F
MSP-PODCAST_test3_0900.wav,H
MSP-PODCAST_test3_0901.wav,S
MSP-PODCAST_test3_0902.wav,U
MSP-PODCAST_test3_0903.wav,S
MSP-PODCAST_test3_0904.wav,F
MSP-PODCAST_test3_0905.wav,F
MSP-PODCAST_test3_0906.wav,S
MSP-PODCAST_test3_0907.wav,C
MSP-PODCAST_test3_0908.wav,H
MSP-PODCAST_test3_0909.wav,D
MSP-PODCAST_test3_0910.wav,S
MSP-PODCAST_test3_0911.wav,A
MSP-PODCAST_test3_0912.wav,D
MSP-PODCAST_test3_0913.wav,A
MSP-PODCAST_test3_0914.wav,H
MSP-PODCAST_test3_0915.wav,C
MSP-PODCAST_test3_0916.wav,U
MSP-PODCAST_test3_0917.wav,N
MSP-PODCAST_test3_0918.wav,N
MSP-PODCAST_test3_0919.wav,U
MSP-PODCAST_test3_0920.wav,A
MSP-PODCAST_test3_0921.wav,U
MSP-PODCAST_test3_0922.wav,D
MSP-PODCAST_test3_0923.wav,S
MSP-PODCAST_test3_0924.wav,A
MSP-PODCAST_test3_0925.wav,S
MSP-PODCAST_test3_0926.wav,H
MSP-PODCAST_test3_0927.wav,S
MSP-PODCAST_test3_0928.wav,U
MSP-PODCAST_test3_0929.wav,H
MSP-PODCAST_test3_0930.wav,C
MSP-PODCAST_test3_0931.wav,N
MSP-PODCAST_test3_0932.wav,S
MSP-PODCAST_test3_0933.wav,S
MSP-PODCAST_test3_0934.wav,N
MSP-PODCAST_test3_0935.wav,S
MSP-PODCAST_test3_0936.wav,A
MSP-PODCAST_test3_0937.wav,U
MSP-PODCAST_test3_0938.wav,N
MSP-PODCAST_test3_0939.wav,C
MSP-PODCAST_test3_0940.wav,A
MSP-PODCAST_test3_0941.wav,N
MSP-PODCAST_test3_0942.wav,A
MSP-PODCAST_test3_0943.wav,D
MSP-PODCAST_test3_0944.wav,U
MSP-PODCAST_test3_0945.wav,N
MSP-PODCAST_test3_0946.wav,U
MSP-PODCAST_test3_0947.wav,A
MSP-PODCAST_test3_0948.wav,S
MSP-PODCAST_test3_0949.wav,N
MSP-PODCAST_test3_0950.wav,A
MSP-PODCAST_test3_0951.wav,N
MSP-PODCAST_test3_0952.wav,A
MSP-PODCAST_test3_0953.wav,U
MSP-PODCAST_test3_0954.wav,A
MSP-PODCAST_test3_0955.wav,A
MSP-PODCAST_test3_0956.wav,H
MSP-PODCAST_test3_0957.wav,N
MSP-PODCAST_test3_0958.wav,A
MSP-PODCAST_test3_0959.wav,N
MSP-PODCAST_test3_0960.wav,H
MSP-PODCAST_test3_0961.wav,U
MSP-PODCAST_test3_0962.wav,U
MSP-PODCAST_test3_0963.wav,A
MSP-PODCAST_test3_0964.wav,U
MSP-PODCAST_test3_0965.wav,C
MSP-PODCAST_test3_0966.wav,A
MSP-PODCAST_test3_0967.wav,S
MSP-PODCAST_test3_0968.wav,H
MSP-PODCAST_test3_0969.wav,C
MSP-PODCAST_test3_0970.wav,S
MSP-PODCAST_test3_0971.wav,N
MSP-PODCAST_test3_0972.wav,A
MSP-PODCAST_test3_0973.wav,F
MSP-PODCAST_test3_0974.wav,U
MSP-PODCAST_test3_0975.wav,S
MSP-PODCAST_test3_0976.wav,S
MSP-PODCAST_test3_0977.wav,D
MSP-PODCAST_test3_0978.wav,S
MSP-PODCAST_test3_0979.wav,A
MSP-PODCAST_test3_0980.wav,A
MSP-PODCAST_test3_0981.wav,F
MSP-PODCAST_test3_0982.wav,A
MSP-PODCAST_test3_0983.wav,A
MSP-PODCAST_test3_0984.wav,F
MSP-PODCAST_test3_0985.wav,D
MSP-PODCAST_test3_0986.wav,F
MSP-PODCAST_test3_0987.wav,H
MSP-PODCAST_test3_0988.wav,U
MSP-PODCAST_test3_0989.wav,D
MSP-PODCAST_test3_0990.wav,D
MSP-PODCAST_test3_0991.wav,U
MSP-PODCAST_test3_0992.wav,S
MSP-PODCAST_test3_0993.wav,S
MSP-PODCAST_test3_0994.wav,S
MSP-PODCAST_test3_0995.wav,H
MSP-PODCAST_test3_0996.wav,S
MSP-PODCAST_test3_0997.wav,S
MSP-PODCAST_test3_0998.wav,S
MSP-PODCAST_test3_0999.wav,F
MSP-PODCAST_test3_1000.wav,A
MSP-PODCAST_test3_1001.wav,A
MSP-PODCAST_test3_1002.wav,U
MSP-PODCAST_test3_1003.wav,N
MSP-PODCAST_test3_1004.wav,A
MSP-PODCAST_test3_1005.wav,A
MSP-PODCAST_test3_1006.wav,C
MSP-PODCAST_test3_1007.wav,F
MSP-PODCAST_test3_1008.wav,A
MSP-PODCAST_test3_1009.wav,A
MSP-PODCAST_test3_1010.wav,H
MSP-PODCAST_test3_1011.wav,N
MSP-PODCAST_test3_1012.wav,S
MSP-PODCAST_test3_1013.wav,D
MSP-PODCAST_test3_1014.wav,S
MSP-PODCAST_test3_1015.wav,C
MSP-PODCAST_test3_1016.wav,H
MSP-PODCAST_test3_1017.wav,H
MSP-PODCAST_test3_1018.wav,D
MSP-PODCAST_test3_1019.wav,F
MSP-PODCAST_test3_1020.wav,U
MSP-PODCAST_test3_1021.wav,S
MSP-PODCAST_test3_1022.wav,N
MSP-PODCAST_test3_1023.wav,F
MSP-PODCAST_test3_1024.wav,S
MSP-PODCAST_test3_1025.wav,F
MSP-PODCAST_test3_1026.wav,D
MSP-PODCAST_test3_1027.wav,N
MSP-PODCAST_test3_1028.wav,C
MSP-PODCAST_test3_1029.wav,C
MSP-PODCAST_test3_1030.wav,A
MSP-PODCAST_test3_1031.wav,H
MSP-PODCAST_test3_1032.wav,S
MSP-PODCAST_test3_1033.wav,U
MSP-PODCAST_test3_1034.wav,F
MSP-PODCAST_test3_1035.wav,F
MSP-PODCAST_test3_1036.wav,N
MSP-PODCAST_test3_1037.wav,S
MSP-PODCAST_test3_1038.wav,C
MSP-PODCAST_test3_1039.wav,S
MSP-PODCAST_test3_1040.wav,N
MSP-PODCAST_test3_1041.wav,N
MSP-PODCAST_test3_1042.wav,D
MSP-PODCAST_test3_1043.wav,H
MSP-PODCAST_test3_1044.wav,D
MSP-PODCAST_test3_1045.wav,S
MSP-PODCAST_test3_1046.wav,A
MSP-PODCAST_test3_1047.wav,A
MSP-PODCAST_test3_1048.wav,U
MSP-PODCAST_test3_1049.wav,U
MSP-PODCAST_test3_1050.wav,N
MSP-PODCAST_test3_1051.wav,F
MSP-PODCAST_test3_1052.wav,H
MSP-PODCAST_test3_1053.wav,H
MSP-PODCAST_test3_1054.wav,C
MSP-PODCAST_test3_1055.wav,N
MSP-PODCAST_test3_1056.wav,N
MSP-PODCAST_test3_1057.wav,C
MSP-PODCAST_test3_1058.wav,A
MSP-PODCAST_test3_1059.wav,S
MSP-PODCAST_test3_1060.wav,A
MSP-PODCAST_test3_1061.wav,D
MSP-PODCAST_test3_1062.wav,C
MSP-PODCAST_test3_1063.wav,D
MSP-PODCAST_test3_1064.wav,C
MSP-PODCAST_test3_1065.wav,D
MSP-PODCAST_test3_1066.wav,F
MSP-PODCAST_test3_1067.wav,S
MSP-PODCAST_test3_1068.wav,A
MSP-PODCAST_test3_1069.wav,D
MSP-PODCAST_test3_1070.wav,S
MSP-PODCAST_test3_1071.wav,H
MSP-PODCAST_test3_1072.wav,U
MSP-PODCAST_test3_1073.wav,U
MSP-PODCAST_test3_1074.wav,C
MSP-PODCAST_test3_1075.wav,A
MSP-PODCAST_test3_1076.wav,U
MSP-PODCAST_test3_1077.wav,A
MSP-PODCAST_test3_1078.wav,S
MSP-PODCAST_test3_1079.wav,D
MSP-PODCAST_test3_1080.wav,D
MSP-PODCAST_test3_1081.wav,A
MSP-PODCAST_test3_1082.wav,C
MSP-PODCAST_test3_1083.wav,F
MSP-PODCAST_test3_1084.wav,D
MSP-PODCAST_test3_1085.wav,N
MSP-PODCAST_test3_1086.wav,D
MSP-PODCAST_test3_1087.wav,A
MSP-PODCAST_test3_1088.wav,F
MSP-PODCAST_test3_1089.wav,N
MSP-PODCAST_test3_1090.wav,A
MSP-PODCAST_test3_1091.wav,F
MSP-PODCAST_test3_1092.wav,H
MSP-PODCAST_test3_1093.wav,A
MSP-PODCAST_test3_1094.wav,A
MSP-PODCAST_test3_1095.wav,C
MSP-PODCAST_test3_1096.wav,A
MSP-PODCAST_test3_1097.wav,A
MSP-PODCAST_test3_1098.wav,H
MSP-PODCAST_test3_1099.wav,A
MSP-PODCAST_test3_1100.wav,D
MSP-PODCAST_test3_1101.wav,U
MSP-PODCAST_test3_1102.wav,S
MSP-PODCAST_test3_1103.wav,U
MSP-PODCAST_test3_1104.wav,D
MSP-PODCAST_test3_1105.wav,U
MSP-PODCAST_test3_1106.wav,D
MSP-PODCAST_test3_1107.wav,A
MSP-PODCAST_test3_1108.wav,U
MSP-PODCAST_test3_1109.wav,H
MSP-PODCAST_test3_1110.wav,U
MSP-PODCAST_test3_1111.wav,A
MSP-PODCAST_test3_1112.wav,C
MSP-PODCAST_test3_1113.wav,F
MSP-PODCAST_test3_1114.wav,C
MSP-PODCAST_test3_1115.wav,D
MSP-PODCAST_test3_1116.wav,N
MSP-PODCAST_test3_1117.wav,D
MSP-PODCAST_test3_1118.wav,H
MSP-PODCAST_test3_1119.wav,C
MSP-PODCAST_test3_1120.wav,D
MSP-PODCAST_test3_1121.wav,D
MSP-PODCAST_test3_1122.wav,U
MSP-PODCAST_test3_1123.wav,D
MSP-PODCAST_test3_1124.wav,C
MSP-PODCAST_test3_1125.wav,D
MSP-PODCAST_test3_1126.wav,S
MSP-PODCAST_test3_1127.wav,U
MSP-PODCAST_test3_1128.wav,U
MSP-PODCAST_test3_1129.wav,C
MSP-PODCAST_test3_1130.wav,D
MSP-PODCAST_test3_1131.wav,N
MSP-PODCAST_test3_1132.wav,C
MSP-PODCAST_test3_1133.wav,A
MSP-PODCAST_test3_1134.wav,A
MSP-PODCAST_test3_1135.wav,U
MSP-PODCAST_test3_1136.wav,D
MSP-PODCAST_test3_1137.wav,A
MSP-PODCAST_test3_1138.wav,A
MSP-PODCAST_test3_1139.wav,S
MSP-PODCAST_test3_1140.wav,H
MSP-PODCAST_test3_1141.wav,A
MSP-PODCAST_test3_1142.wav,D
MSP-PODCAST_test3_1143.wav,H
MSP-PODCAST_test3_1144.wav,S
MSP-PODCAST_test3_1145.wav,S
MSP-PODCAST_test3_1146.wav,U
MSP-PODCAST_test3_1147.wav,D
MSP-PODCAST_test3_1148.wav,N
MSP-PODCAST_test3_1149.wav,U
MSP-PODCAST_test3_1150.wav,H
MSP-PODCAST_test3_1151.wav,C
MSP-PODCAST_test3_1152.wav,U
MSP-PODCAST_test3_1153.wav,U
MSP-PODCAST_test3_1154.wav,A
MSP-PODCAST_test3_1155.wav,U
MSP-PODCAST_test3_1156.wav,U
MSP-PODCAST_test3_1157.wav,A
MSP-PODCAST_test3_1158.wav,A
MSP-PODCAST_test3_1159.wav,A
MSP-PODCAST_test3_1160.wav,D
MSP-PODCAST_test3_1161.wav,A
MSP-PODCAST_test3_1162.wav,A
MSP-PODCAST_test3_1163.wav,S
MSP-PODCAST_test3_1164.wav,A
MSP-PODCAST_test3_1165.wav,A
MSP-PODCAST_test3_1166.wav,U
MSP-PODCAST_test3_1167.wav,A
MSP-PODCAST_test3_1168.wav,D
MSP-PODCAST_test3_1169.wav,D
MSP-PODCAST_test3_1170.wav,H
MSP-PODCAST_test3_1171.wav,A
MSP-PODCAST_test3_1172.wav,C
MSP-PODCAST_test3_1173.wav,S
MSP-PODCAST_test3_1174.wav,U
MSP-PODCAST_test3_1175.wav,C
MSP-PODCAST_test3_1176.wav,A
MSP-PODCAST_test3_1177.wav,N
MSP-PODCAST_test3_1178.wav,A
MSP-PODCAST_test3_1179.wav,D
MSP-PODCAST_test3_1180.wav,N
MSP-PODCAST_test3_1181.wav,U
MSP-PODCAST_test3_1182.wav,S
MSP-PODCAST_test3_1183.wav,U
MSP-PODCAST_test3_1184.wav,A
MSP-PODCAST_test3_1185.wav,N
MSP-PODCAST_test3_1186.wav,A
MSP-PODCAST_test3_1187.wav,D
MSP-PODCAST_test3_1188.wav,D
MSP-PODCAST_test3_1189.wav,D
MSP-PODCAST_test3_1190.wav,U
MSP-PODCAST_test3_1191.wav,D
MSP-PODCAST_test3_1192.wav,A
MSP-PODCAST_test3_1193.wav,N
MSP-PODCAST_test3_1194.wav,S
MSP-PODCAST_test3_1195.wav,U
MSP-PODCAST_test3_1196.wav,D
MSP-PODCAST_test3_1197.wav,F
MSP-PODCAST_test3_1198.wav,S
MSP-PODCAST_test3_1199.wav,N
MSP-PODCAST_test3_1200.wav,C
MSP-PODCAST_test3_1201.wav,A
MSP-PODCAST_test3_1202.wav,A
MSP-PODCAST_test3_1203.wav,D
MSP-PODCAST_test3_1204.wav,N
MSP-PODCAST_test3_1205.wav,A
MSP-PODCAST_test3_1206.wav,U
MSP-PODCAST_test3_1207.wav,N
MSP-PODCAST_test3_1208.wav,A
MSP-PODCAST_test3_1209.wav,A
MSP-PODCAST_test3_1210.wav,D
MSP-PODCAST_test3_1211.wav,C
MSP-PODCAST_test3_1212.wav,A
MSP-PODCAST_test3_1213.wav,D
MSP-PODCAST_test3_1214.wav,D
MSP-PODCAST_test3_1215.wav,S
MSP-PODCAST_test3_1216.wav,S
MSP-PODCAST_test3_1217.wav,S
MSP-PODCAST_test3_1218.wav,A
MSP-PODCAST_test3_1219.wav,D
MSP-PODCAST_test3_1220.wav,S
MSP-PODCAST_test3_1221.wav,A
MSP-PODCAST_test3_1222.wav,A
MSP-PODCAST_test3_1223.wav,U
MSP-PODCAST_test3_1224.wav,S
MSP-PODCAST_test3_1225.wav,C
MSP-PODCAST_test3_1226.wav,U
MSP-PODCAST_test3_1227.wav,C
MSP-PODCAST_test3_1228.wav,S
MSP-PODCAST_test3_1229.wav,S
MSP-PODCAST_test3_1230.wav,U
MSP-PODCAST_test3_1231.wav,A
MSP-PODCAST_test3_1232.wav,A
MSP-PODCAST_test3_1233.wav,A
MSP-PODCAST_test3_1234.wav,F
MSP-PODCAST_test3_1235.wav,S
MSP-PODCAST_test3_1236.wav,A
MSP-PODCAST_test3_1237.wav,D
MSP-PODCAST_test3_1238.wav,A
MSP-PODCAST_test3_1239.wav,H
MSP-PODCAST_test3_1240.wav,N
MSP-PODCAST_test3_1241.wav,C
MSP-PODCAST_test3_1242.wav,F
MSP-PODCAST_test3_1243.wav,F
MSP-PODCAST_test3_1244.wav,A
MSP-PODCAST_test3_1245.wav,D
MSP-PODCAST_test3_1246.wav,C
MSP-PODCAST_test3_1247.wav,F
MSP-PODCAST_test3_1248.wav,A
MSP-PODCAST_test3_1249.wav,N
MSP-PODCAST_test3_1250.wav,D
MSP-PODCAST_test3_1251.wav,A
MSP-PODCAST_test3_1252.wav,U
MSP-PODCAST_test3_1253.wav,N
MSP-PODCAST_test3_1254.wav,D
MSP-PODCAST_test3_1255.wav,D
MSP-PODCAST_test3_1256.wav,D
MSP-PODCAST_test3_1257.wav,A
MSP-PODCAST_test3_1258.wav,A
MSP-PODCAST_test3_1259.wav,N
MSP-PODCAST_test3_1260.wav,N
MSP-PODCAST_test3_1261.wav,C
MSP-PODCAST_test3_1262.wav,U
MSP-PODCAST_test3_1263.wav,S
MSP-PODCAST_test3_1264.wav,D
MSP-PODCAST_test3_1265.wav,A
MSP-PODCAST_test3_1266.wav,N
MSP-PODCAST_test3_1267.wav,S
MSP-PODCAST_test3_1268.wav,A
MSP-PODCAST_test3_1269.wav,A
MSP-PODCAST_test3_1270.wav,A
MSP-PODCAST_test3_1271.wav,N
MSP-PODCAST_test3_1272.wav,C
MSP-PODCAST_test3_1273.wav,D
MSP-PODCAST_test3_1274.wav,N
MSP-PODCAST_test3_1275.wav,H
MSP-PODCAST_test3_1276.wav,S
MSP-PODCAST_test3_1277.wav,D
MSP-PODCAST_test3_1278.wav,N
MSP-PODCAST_test3_1279.wav,A
MSP-PODCAST_test3_1280.wav,S
MSP-PODCAST_test3_1281.wav,N
MSP-PODCAST_test3_1282.wav,A
MSP-PODCAST_test3_1283.wav,N
MSP-PODCAST_test3_1284.wav,H
MSP-PODCAST_test3_1285.wav,F
MSP-PODCAST_test3_1286.wav,S
MSP-PODCAST_test3_1287.wav,N
MSP-PODCAST_test3_1288.wav,A
MSP-PODCAST_test3_1289.wav,A
MSP-PODCAST_test3_1290.wav,S
MSP-PODCAST_test3_1291.wav,S
MSP-PODCAST_test3_1292.wav,A
MSP-PODCAST_test3_1293.wav,N
MSP-PODCAST_test3_1294.wav,H
MSP-PODCAST_test3_1295.wav,S
MSP-PODCAST_test3_1296.wav,H
MSP-PODCAST_test3_1297.wav,A
MSP-PODCAST_test3_1298.wav,S
MSP-PODCAST_test3_1299.wav,N
MSP-PODCAST_test3_1300.wav,A
MSP-PODCAST_test3_1301.wav,S
MSP-PODCAST_test3_1302.wav,A
MSP-PODCAST_test3_1303.wav,C
MSP-PODCAST_test3_1304.wav,S
MSP-PODCAST_test3_1305.wav,S
MSP-PODCAST_test3_1306.wav,S
MSP-PODCAST_test3_1307.wav,C
MSP-PODCAST_test3_1308.wav,S
MSP-PODCAST_test3_1309.wav,N
MSP-PODCAST_test3_1310.wav,S
MSP-PODCAST_test3_1311.wav,A
MSP-PODCAST_test3_1312.wav,A
MSP-PODCAST_test3_1313.wav,S
MSP-PODCAST_test3_1314.wav,U
MSP-PODCAST_test3_1315.wav,A
MSP-PODCAST_test3_1316.wav,D
MSP-PODCAST_test3_1317.wav,S
MSP-PODCAST_test3_1318.wav,C
MSP-PODCAST_test3_1319.wav,D
MSP-PODCAST_test3_1320.wav,H
MSP-PODCAST_test3_1321.wav,N
MSP-PODCAST_test3_1322.wav,U
MSP-PODCAST_test3_1323.wav,N
MSP-PODCAST_test3_1324.wav,D
MSP-PODCAST_test3_1325.wav,A
MSP-PODCAST_test3_1326.wav,H
MSP-PODCAST_test3_1327.wav,A
MSP-PODCAST_test3_1328.wav,A
MSP-PODCAST_test3_1329.wav,N
MSP-PODCAST_test3_1330.wav,A
MSP-PODCAST_test3_1331.wav,U
MSP-PODCAST_test3_1332.wav,S
MSP-PODCAST_test3_1333.wav,S
MSP-PODCAST_test3_1334.wav,N
MSP-PODCAST_test3_1335.wav,S
MSP-PODCAST_test3_1336.wav,N
MSP-PODCAST_test3_1337.wav,U
MSP-PODCAST_test3_1338.wav,A
MSP-PODCAST_test3_1339.wav,U
MSP-PODCAST_test3_1340.wav,S
MSP-PODCAST_test3_1341.wav,S
MSP-PODCAST_test3_1342.wav,S
MSP-PODCAST_test3_1343.wav,D
MSP-PODCAST_test3_1344.wav,S
MSP-PODCAST_test3_1345.wav,A
MSP-PODCAST_test3_1346.wav,A
MSP-PODCAST_test3_1347.wav,N
MSP-PODCAST_test3_1348.wav,S
MSP-PODCAST_test3_1349.wav,A
MSP-PODCAST_test3_1350.wav,A
MSP-PODCAST_test3_1351.wav,N
MSP-PODCAST_test3_1352.wav,A
MSP-PODCAST_test3_1353.wav,S
MSP-PODCAST_test3_1354.wav,S
MSP-PODCAST_test3_1355.wav,N
MSP-PODCAST_test3_1356.wav,N
MSP-PODCAST_test3_1357.wav,S
MSP-PODCAST_test3_1358.wav,N
MSP-PODCAST_test3_1359.wav,H
MSP-PODCAST_test3_1360.wav,D
MSP-PODCAST_test3_1361.wav,C
MSP-PODCAST_test3_1362.wav,H
MSP-PODCAST_test3_1363.wav,A
MSP-PODCAST_test3_1364.wav,H
MSP-PODCAST_test3_1365.wav,N
MSP-PODCAST_test3_1366.wav,A
MSP-PODCAST_test3_1367.wav,S
MSP-PODCAST_test3_1368.wav,H
MSP-PODCAST_test3_1369.wav,A
MSP-PODCAST_test3_1370.wav,N
MSP-PODCAST_test3_1371.wav,F
MSP-PODCAST_test3_1372.wav,A
MSP-PODCAST_test3_1373.wav,N
MSP-PODCAST_test3_1374.wav,N
MSP-PODCAST_test3_1375.wav,A
MSP-PODCAST_test3_1376.wav,H
MSP-PODCAST_test3_1377.wav,A
MSP-PODCAST_test3_1378.wav,U
MSP-PODCAST_test3_1379.wav,N
MSP-PODCAST_test3_1380.wav,N
MSP-PODCAST_test3_1381.wav,H
MSP-PODCAST_test3_1382.wav,F
MSP-PODCAST_test3_1383.wav,H
MSP-PODCAST_test3_1384.wav,S
MSP-PODCAST_test3_1385.wav,S
MSP-PODCAST_test3_1386.wav,N
MSP-PODCAST_test3_1387.wav,D
MSP-PODCAST_test3_1388.wav,A
MSP-PODCAST_test3_1389.wav,A
MSP-PODCAST_test3_1390.wav,H
MSP-PODCAST_test3_1391.wav,A
MSP-PODCAST_test3_1392.wav,S
MSP-PODCAST_test3_1393.wav,H
MSP-PODCAST_test3_1394.wav,D
MSP-PODCAST_test3_1395.wav,S
MSP-PODCAST_test3_1396.wav,A
MSP-PODCAST_test3_1397.wav,C
MSP-PODCAST_test3_1398.wav,U
MSP-PODCAST_test3_1399.wav,N
MSP-PODCAST_test3_1400.wav,H
MSP-PODCAST_test3_1401.wav,U
MSP-PODCAST_test3_1402.wav,S
MSP-PODCAST_test3_1403.wav,S
MSP-PODCAST_test3_1404.wav,N
MSP-PODCAST_test3_1405.wav,S
MSP-PODCAST_test3_1406.wav,D
MSP-PODCAST_test3_1407.wav,F
MSP-PODCAST_test3_1408.wav,S
MSP-PODCAST_test3_1409.wav,A
MSP-PODCAST_test3_1410.wav,N
MSP-PODCAST_test3_1411.wav,D
MSP-PODCAST_test3_1412.wav,D
MSP-PODCAST_test3_1413.wav,C
MSP-PODCAST_test3_1414.wav,A
MSP-PODCAST_test3_1415.wav,H
MSP-PODCAST_test3_1416.wav,S
MSP-PODCAST_test3_1417.wav,S
MSP-PODCAST_test3_1418.wav,A
MSP-PODCAST_test3_1419.wav,C
MSP-PODCAST_test3_1420.wav,H
MSP-PODCAST_test3_1421.wav,S
MSP-PODCAST_test3_1422.wav,S
MSP-PODCAST_test3_1423.wav,A
MSP-PODCAST_test3_1424.wav,S
MSP-PODCAST_test3_1425.wav,S
MSP-PODCAST_test3_1426.wav,F
MSP-PODCAST_test3_1427.wav,A
MSP-PODCAST_test3_1428.wav,N
MSP-PODCAST_test3_1429.wav,N
MSP-PODCAST_test3_1430.wav,A
MSP-PODCAST_test3_1431.wav,C
MSP-PODCAST_test3_1432.wav,N
MSP-PODCAST_test3_1433.wav,S
MSP-PODCAST_test3_1434.wav,U
MSP-PODCAST_test3_1435.wav,A
MSP-PODCAST_test3_1436.wav,S
MSP-PODCAST_test3_1437.wav,S
MSP-PODCAST_test3_1438.wav,S
MSP-PODCAST_test3_1439.wav,N
MSP-PODCAST_test3_1440.wav,A
MSP-PODCAST_test3_1441.wav,S
MSP-PODCAST_test3_1442.wav,H
MSP-PODCAST_test3_1443.wav,H
MSP-PODCAST_test3_1444.wav,S
MSP-PODCAST_test3_1445.wav,C
MSP-PODCAST_test3_1446.wav,A
MSP-PODCAST_test3_1447.wav,A
MSP-PODCAST_test3_1448.wav,H
MSP-PODCAST_test3_1449.wav,A
MSP-PODCAST_test3_1450.wav,U
MSP-PODCAST_test3_1451.wav,S
MSP-PODCAST_test3_1452.wav,S
MSP-PODCAST_test3_1453.wav,A
MSP-PODCAST_test3_1454.wav,N
MSP-PODCAST_test3_1455.wav,S
MSP-PODCAST_test3_1456.wav,A
MSP-PODCAST_test3_1457.wav,N
MSP-PODCAST_test3_1458.wav,S
MSP-PODCAST_test3_1459.wav,S
MSP-PODCAST_test3_1460.wav,S
MSP-PODCAST_test3_1461.wav,D
MSP-PODCAST_test3_1462.wav,N
MSP-PODCAST_test3_1463.wav,H
MSP-PODCAST_test3_1464.wav,H
MSP-PODCAST_test3_1465.wav,A
MSP-PODCAST_test3_1466.wav,H
MSP-PODCAST_test3_1467.wav,S
MSP-PODCAST_test3_1468.wav,C
MSP-PODCAST_test3_1469.wav,C
MSP-PODCAST_test3_1470.wav,F
MSP-PODCAST_test3_1471.wav,S
MSP-PODCAST_test3_1472.wav,H
MSP-PODCAST_test3_1473.wav,S
MSP-PODCAST_test3_1474.wav,S
MSP-PODCAST_test3_1475.wav,A
MSP-PODCAST_test3_1476.wav,F
MSP-PODCAST_test3_1477.wav,S
MSP-PODCAST_test3_1478.wav,S
MSP-PODCAST_test3_1479.wav,D
MSP-PODCAST_test3_1480.wav,H
MSP-PODCAST_test3_1481.wav,A
MSP-PODCAST_test3_1482.wav,D
MSP-PODCAST_test3_1483.wav,S
MSP-PODCAST_test3_1484.wav,D
MSP-PODCAST_test3_1485.wav,S
MSP-PODCAST_test3_1486.wav,D
MSP-PODCAST_test3_1487.wav,C
MSP-PODCAST_test3_1488.wav,S
MSP-PODCAST_test3_1489.wav,A
MSP-PODCAST_test3_1490.wav,S
MSP-PODCAST_test3_1491.wav,N
MSP-PODCAST_test3_1492.wav,A
MSP-PODCAST_test3_1493.wav,A
MSP-PODCAST_test3_1494.wav,C
MSP-PODCAST_test3_1495.wav,H
MSP-PODCAST_test3_1496.wav,S
MSP-PODCAST_test3_1497.wav,U
MSP-PODCAST_test3_1498.wav,H
MSP-PODCAST_test3_1499.wav,S
MSP-PODCAST_test3_1500.wav,C
MSP-PODCAST_test3_1501.wav,A
MSP-PODCAST_test3_1502.wav,U
MSP-PODCAST_test3_1503.wav,H
MSP-PODCAST_test3_1504.wav,D
MSP-PODCAST_test3_1505.wav,D
MSP-PODCAST_test3_1506.wav,H
MSP-PODCAST_test3_1507.wav,N
MSP-PODCAST_test3_1508.wav,N
MSP-PODCAST_test3_1509.wav,N
MSP-PODCAST_test3_1510.wav,F
MSP-PODCAST_test3_1511.wav,D
MSP-PODCAST_test3_1512.wav,H
MSP-PODCAST_test3_1513.wav,S
MSP-PODCAST_test3_1514.wav,S
MSP-PODCAST_test3_1515.wav,N
MSP-PODCAST_test3_1516.wav,S
MSP-PODCAST_test3_1517.wav,A
MSP-PODCAST_test3_1518.wav,N
MSP-PODCAST_test3_1519.wav,U
MSP-PODCAST_test3_1520.wav,D
MSP-PODCAST_test3_1521.wav,D
MSP-PODCAST_test3_1522.wav,C
MSP-PODCAST_test3_1523.wav,N
MSP-PODCAST_test3_1524.wav,C
MSP-PODCAST_test3_1525.wav,S
MSP-PODCAST_test3_1526.wav,S
MSP-PODCAST_test3_1527.wav,S
MSP-PODCAST_test3_1528.wav,D
MSP-PODCAST_test3_1529.wav,N
MSP-PODCAST_test3_1530.wav,D
MSP-PODCAST_test3_1531.wav,D
MSP-PODCAST_test3_1532.wav,A
MSP-PODCAST_test3_1533.wav,N
MSP-PODCAST_test3_1534.wav,S
MSP-PODCAST_test3_1535.wav,C
MSP-PODCAST_test3_1536.wav,H
MSP-PODCAST_test3_1537.wav,H
MSP-PODCAST_test3_1538.wav,N
MSP-PODCAST_test3_1539.wav,A
MSP-PODCAST_test3_1540.wav,N
MSP-PODCAST_test3_1541.wav,H
MSP-PODCAST_test3_1542.wav,C
MSP-PODCAST_test3_1543.wav,F
MSP-PODCAST_test3_1544.wav,H
MSP-PODCAST_test3_1545.wav,S
MSP-PODCAST_test3_1546.wav,S
MSP-PODCAST_test3_1547.wav,D
MSP-PODCAST_test3_1548.wav,N
MSP-PODCAST_test3_1549.wav,D
MSP-PODCAST_test3_1550.wav,D
MSP-PODCAST_test3_1551.wav,A
MSP-PODCAST_test3_1552.wav,A
MSP-PODCAST_test3_1553.wav,U
MSP-PODCAST_test3_1554.wav,D
MSP-PODCAST_test3_1555.wav,N
MSP-PODCAST_test3_1556.wav,C
MSP-PODCAST_test3_1557.wav,U
MSP-PODCAST_test3_1558.wav,S
MSP-PODCAST_test3_1559.wav,D
MSP-PODCAST_test3_1560.wav,N
MSP-PODCAST_test3_1561.wav,N
MSP-PODCAST_test3_1562.wav,N
MSP-PODCAST_test3_1563.wav,D
MSP-PODCAST_test3_1564.wav,S
MSP-PODCAST_test3_1565.wav,C
MSP-PODCAST_test3_1566.wav,A
MSP-PODCAST_test3_1567.wav,S
MSP-PODCAST_test3_1568.wav,H
MSP-PODCAST_test3_1569.wav,A
MSP-PODCAST_test3_1570.wav,D
MSP-PODCAST_test3_1571.wav,U
MSP-PODCAST_test3_1572.wav,A
MSP-PODCAST_test3_1573.wav,A
MSP-PODCAST_test3_1574.wav,H
MSP-PODCAST_test3_1575.wav,H
MSP-PODCAST_test3_1576.wav,D
MSP-PODCAST_test3_1577.wav,A
MSP-PODCAST_test3_1578.wav,C
MSP-PODCAST_test3_1579.wav,A
MSP-PODCAST_test3_1580.wav,D
MSP-PODCAST_test3_1581.wav,A
MSP-PODCAST_test3_1582.wav,S
MSP-PODCAST_test3_1583.wav,A
MSP-PODCAST_test3_1584.wav,H
MSP-PODCAST_test3_1585.wav,D
MSP-PODCAST_test3_1586.wav,C
MSP-PODCAST_test3_1587.wav,S
MSP-PODCAST_test3_1588.wav,A
MSP-PODCAST_test3_1589.wav,D
MSP-PODCAST_test3_1590.wav,A
MSP-PODCAST_test3_1591.wav,U
MSP-PODCAST_test3_1592.wav,S
MSP-PODCAST_test3_1593.wav,A
MSP-PODCAST_test3_1594.wav,C
MSP-PODCAST_test3_1595.wav,D
MSP-PODCAST_test3_1596.wav,H
MSP-PODCAST_test3_1597.wav,A
MSP-PODCAST_test3_1598.wav,A
MSP-PODCAST_test3_1599.wav,S
MSP-PODCAST_test3_1600.wav,D
MSP-PODCAST_test3_1601.wav,F
MSP-PODCAST_test3_1602.wav,H
MSP-PODCAST_test3_1603.wav,A
MSP-PODCAST_test3_1604.wav,H
MSP-PODCAST_test3_1605.wav,H
MSP-PODCAST_test3_1606.wav,D
MSP-PODCAST_test3_1607.wav,D
MSP-PODCAST_test3_1608.wav,A
MSP-PODCAST_test3_1609.wav,A
MSP-PODCAST_test3_1610.wav,A
MSP-PODCAST_test3_1611.wav,H
MSP-PODCAST_test3_1612.wav,D
MSP-PODCAST_test3_1613.wav,S
MSP-PODCAST_test3_1614.wav,A
MSP-PODCAST_test3_1615.wav,A
MSP-PODCAST_test3_1616.wav,S
MSP-PODCAST_test3_1617.wav,N
MSP-PODCAST_test3_1618.wav,C
MSP-PODCAST_test3_1619.wav,A
MSP-PODCAST_test3_1620.wav,A
MSP-PODCAST_test3_1621.wav,U
MSP-PODCAST_test3_1622.wav,A
MSP-PODCAST_test3_1623.wav,U
MSP-PODCAST_test3_1624.wav,A
MSP-PODCAST_test3_1625.wav,A
MSP-PODCAST_test3_1626.wav,C
MSP-PODCAST_test3_1627.wav,A
MSP-PODCAST_test3_1628.wav,U
MSP-PODCAST_test3_1629.wav,A
MSP-PODCAST_test3_1630.wav,A
MSP-PODCAST_test3_1631.wav,A
MSP-PODCAST_test3_1632.wav,A
MSP-PODCAST_test3_1633.wav,D
MSP-PODCAST_test3_1634.wav,H
MSP-PODCAST_test3_1635.wav,A
MSP-PODCAST_test3_1636.wav,A
MSP-PODCAST_test3_1637.wav,A
MSP-PODCAST_test3_1638.wav,D
MSP-PODCAST_test3_1639.wav,A
MSP-PODCAST_test3_1640.wav,H
MSP-PODCAST_test3_1641.wav,A
MSP-PODCAST_test3_1642.wav,A
MSP-PODCAST_test3_1643.wav,U
MSP-PODCAST_test3_1644.wav,A
MSP-PODCAST_test3_1645.wav,D
MSP-PODCAST_test3_1646.wav,A
MSP-PODCAST_test3_1647.wav,F
MSP-PODCAST_test3_1648.wav,U
MSP-PODCAST_test3_1649.wav,A
MSP-PODCAST_test3_1650.wav,A
MSP-PODCAST_test3_1651.wav,H
MSP-PODCAST_test3_1652.wav,A
MSP-PODCAST_test3_1653.wav,D
MSP-PODCAST_test3_1654.wav,A
MSP-PODCAST_test3_1655.wav,S
MSP-PODCAST_test3_1656.wav,H
MSP-PODCAST_test3_1657.wav,A
MSP-PODCAST_test3_1658.wav,A
MSP-PODCAST_test3_1659.wav,H
MSP-PODCAST_test3_1660.wav,H
MSP-PODCAST_test3_1661.wav,S
MSP-PODCAST_test3_1662.wav,A
MSP-PODCAST_test3_1663.wav,A
MSP-PODCAST_test3_1664.wav,H
MSP-PODCAST_test3_1665.wav,A
MSP-PODCAST_test3_1666.wav,A
MSP-PODCAST_test3_1667.wav,H
MSP-PODCAST_test3_1668.wav,A
MSP-PODCAST_test3_1669.wav,A
MSP-PODCAST_test3_1670.wav,S
MSP-PODCAST_test3_1671.wav,F
MSP-PODCAST_test3_1672.wav,U
MSP-PODCAST_test3_1673.wav,A
MSP-PODCAST_test3_1674.wav,D
MSP-PODCAST_test3_1675.wav,A
MSP-PODCAST_test3_1676.wav,A
MSP-PODCAST_test3_1677.wav,A
MSP-PODCAST_test3_1678.wav,S
MSP-PODCAST_test3_1679.wav,H
MSP-PODCAST_test3_1680.wav,A
MSP-PODCAST_test3_1681.wav,A
MSP-PODCAST_test3_1682.wav,H
MSP-PODCAST_test3_1683.wav,H
MSP-PODCAST_test3_1684.wav,D
MSP-PODCAST_test3_1685.wav,C
MSP-PODCAST_test3_1686.wav,A
MSP-PODCAST_test3_1687.wav,A
MSP-PODCAST_test3_1688.wav,A
MSP-PODCAST_test3_1689.wav,F
MSP-PODCAST_test3_1690.wav,D
MSP-PODCAST_test3_1691.wav,F
MSP-PODCAST_test3_1692.wav,A
MSP-PODCAST_test3_1693.wav,A
MSP-PODCAST_test3_1694.wav,S
MSP-PODCAST_test3_1695.wav,A
MSP-PODCAST_test3_1696.wav,A
MSP-PODCAST_test3_1697.wav,A
MSP-PODCAST_test3_1698.wav,S
MSP-PODCAST_test3_1699.wav,A
MSP-PODCAST_test3_1700.wav,A
MSP-PODCAST_test3_1701.wav,A
MSP-PODCAST_test3_1702.wav,C
MSP-PODCAST_test3_1703.wav,A
MSP-PODCAST_test3_1704.wav,U
MSP-PODCAST_test3_1705.wav,H
MSP-PODCAST_test3_1706.wav,U
MSP-PODCAST_test3_1707.wav,D
MSP-PODCAST_test3_1708.wav,A
MSP-PODCAST_test3_1709.wav,N
MSP-PODCAST_test3_1710.wav,A
MSP-PODCAST_test3_1711.wav,D
MSP-PODCAST_test3_1712.wav,U
MSP-PODCAST_test3_1713.wav,S
MSP-PODCAST_test3_1714.wav,D
MSP-PODCAST_test3_1715.wav,C
MSP-PODCAST_test3_1716.wav,A
MSP-PODCAST_test3_1717.wav,H
MSP-PODCAST_test3_1718.wav,A
MSP-PODCAST_test3_1719.wav,A
MSP-PODCAST_test3_1720.wav,S
MSP-PODCAST_test3_1721.wav,H
MSP-PODCAST_test3_1722.wav,A
MSP-PODCAST_test3_1723.wav,A
MSP-PODCAST_test3_1724.wav,A
MSP-PODCAST_test3_1725.wav,U
MSP-PODCAST_test3_1726.wav,U
MSP-PODCAST_test3_1727.wav,D
MSP-PODCAST_test3_1728.wav,A
MSP-PODCAST_test3_1729.wav,U
MSP-PODCAST_test3_1730.wav,D
MSP-PODCAST_test3_1731.wav,A
MSP-PODCAST_test3_1732.wav,A
MSP-PODCAST_test3_1733.wav,A
MSP-PODCAST_test3_1734.wav,U
MSP-PODCAST_test3_1735.wav,D
MSP-PODCAST_test3_1736.wav,A
MSP-PODCAST_test3_1737.wav,S
MSP-PODCAST_test3_1738.wav,U
MSP-PODCAST_test3_1739.wav,U
MSP-PODCAST_test3_1740.wav,H
MSP-PODCAST_test3_1741.wav,D
MSP-PODCAST_test3_1742.wav,C
MSP-PODCAST_test3_1743.wav,D
MSP-PODCAST_test3_1744.wav,H
MSP-PODCAST_test3_1745.wav,A
MSP-PODCAST_test3_1746.wav,A
MSP-PODCAST_test3_1747.wav,D
MSP-PODCAST_test3_1748.wav,S
MSP-PODCAST_test3_1749.wav,A
MSP-PODCAST_test3_1750.wav,H
MSP-PODCAST_test3_1751.wav,A
MSP-PODCAST_test3_1752.wav,D
MSP-PODCAST_test3_1753.wav,S
MSP-PODCAST_test3_1754.wav,S
MSP-PODCAST_test3_1755.wav,S
MSP-PODCAST_test3_1756.wav,C
MSP-PODCAST_test3_1757.wav,A
MSP-PODCAST_test3_1758.wav,A
MSP-PODCAST_test3_1759.wav,N
MSP-PODCAST_test3_1760.wav,U
MSP-PODCAST_test3_1761.wav,U
MSP-PODCAST_test3_1762.wav,N
MSP-PODCAST_test3_1763.wav,F
MSP-PODCAST_test3_1764.wav,A
MSP-PODCAST_test3_1765.wav,A
MSP-PODCAST_test3_1766.wav,D
MSP-PODCAST_test3_1767.wav,D
MSP-PODCAST_test3_1768.wav,A
MSP-PODCAST_test3_1769.wav,F
MSP-PODCAST_test3_1770.wav,A
MSP-PODCAST_test3_1771.wav,S
MSP-PODCAST_test3_1772.wav,H
MSP-PODCAST_test3_1773.wav,H
MSP-PODCAST_test3_1774.wav,A
MSP-PODCAST_test3_1775.wav,N
MSP-PODCAST_test3_1776.wav,D
MSP-PODCAST_test3_1777.wav,F
MSP-PODCAST_test3_1778.wav,H
MSP-PODCAST_test3_1779.wav,A
MSP-PODCAST_test3_1780.wav,A
MSP-PODCAST_test3_1781.wav,D
MSP-PODCAST_test3_1782.wav,A
MSP-PODCAST_test3_1783.wav,S
MSP-PODCAST_test3_1784.wav,C
MSP-PODCAST_test3_1785.wav,C
MSP-PODCAST_test3_1786.wav,A
MSP-PODCAST_test3_1787.wav,H
MSP-PODCAST_test3_1788.wav,C
MSP-PODCAST_test3_1789.wav,U
MSP-PODCAST_test3_1790.wav,S
MSP-PODCAST_test3_1791.wav,F
MSP-PODCAST_test3_1792.wav,A
MSP-PODCAST_test3_1793.wav,H
MSP-PODCAST_test3_1794.wav,D
MSP-PODCAST_test3_1795.wav,A
MSP-PODCAST_test3_1796.wav,A
MSP-PODCAST_test3_1797.wav,C
MSP-PODCAST_test3_1798.wav,S
MSP-PODCAST_test3_1799.wav,H
MSP-PODCAST_test3_1800.wav,H
MSP-PODCAST_test3_1801.wav,A
MSP-PODCAST_test3_1802.wav,A
MSP-PODCAST_test3_1803.wav,A
MSP-PODCAST_test3_1804.wav,H
MSP-PODCAST_test3_1805.wav,U
MSP-PODCAST_test3_1806.wav,H
MSP-PODCAST_test3_1807.wav,H
MSP-PODCAST_test3_1808.wav,H
MSP-PODCAST_test3_1809.wav,H
MSP-PODCAST_test3_1810.wav,S
MSP-PODCAST_test3_1811.wav,A
MSP-PODCAST_test3_1812.wav,S
MSP-PODCAST_test3_1813.wav,A
MSP-PODCAST_test3_1814.wav,U
MSP-PODCAST_test3_1815.wav,S
MSP-PODCAST_test3_1816.wav,H
MSP-PODCAST_test3_1817.wav,C
MSP-PODCAST_test3_1818.wav,N
MSP-PODCAST_test3_1819.wav,D
MSP-PODCAST_test3_1820.wav,S
MSP-PODCAST_test3_1821.wav,S
MSP-PODCAST_test3_1822.wav,A
MSP-PODCAST_test3_1823.wav,A
MSP-PODCAST_test3_1824.wav,H
MSP-PODCAST_test3_1825.wav,H
MSP-PODCAST_test3_1826.wav,C
MSP-PODCAST_test3_1827.wav,A
MSP-PODCAST_test3_1828.wav,N
MSP-PODCAST_test3_1829.wav,S
MSP-PODCAST_test3_1830.wav,F
MSP-PODCAST_test3_1831.wav,F
MSP-PODCAST_test3_1832.wav,H
MSP-PODCAST_test3_1833.wav,F
MSP-PODCAST_test3_1834.wav,A
MSP-PODCAST_test3_1835.wav,A
MSP-PODCAST_test3_1836.wav,A
MSP-PODCAST_test3_1837.wav,A
MSP-PODCAST_test3_1838.wav,A
MSP-PODCAST_test3_1839.wav,A
MSP-PODCAST_test3_1840.wav,A
MSP-PODCAST_test3_1841.wav,A
MSP-PODCAST_test3_1842.wav,A
MSP-PODCAST_test3_1843.wav,A
MSP-PODCAST_test3_1844.wav,A
MSP-PODCAST_test3_1845.wav,A
MSP-PODCAST_test3_1846.wav,A
MSP-PODCAST_test3_1847.wav,F
MSP-PODCAST_test3_1848.wav,F
MSP-PODCAST_test3_1849.wav,C
MSP-PODCAST_test3_1850.wav,H
MSP-PODCAST_test3_1851.wav,F
MSP-PODCAST_test3_1852.wav,A
MSP-PODCAST_test3_1853.wav,F
MSP-PODCAST_test3_1854.wav,N
MSP-PODCAST_test3_1855.wav,A
MSP-PODCAST_test3_1856.wav,A
MSP-PODCAST_test3_1857.wav,A
MSP-PODCAST_test3_1858.wav,D
MSP-PODCAST_test3_1859.wav,H
MSP-PODCAST_test3_1860.wav,C
MSP-PODCAST_test3_1861.wav,A
MSP-PODCAST_test3_1862.wav,A
MSP-PODCAST_test3_1863.wav,A
MSP-PODCAST_test3_1864.wav,A
MSP-PODCAST_test3_1865.wav,D
MSP-PODCAST_test3_1866.wav,U
MSP-PODCAST_test3_1867.wav,U
MSP-PODCAST_test3_1868.wav,A
MSP-PODCAST_test3_1869.wav,H
MSP-PODCAST_test3_1870.wav,A
MSP-PODCAST_test3_1871.wav,A
MSP-PODCAST_test3_1872.wav,A
MSP-PODCAST_test3_1873.wav,S
MSP-PODCAST_test3_1874.wav,S
MSP-PODCAST_test3_1875.wav,S
MSP-PODCAST_test3_1876.wav,A
MSP-PODCAST_test3_1877.wav,D
MSP-PODCAST_test3_1878.wav,A
MSP-PODCAST_test3_1879.wav,A
MSP-PODCAST_test3_1880.wav,A
MSP-PODCAST_test3_1881.wav,A
MSP-PODCAST_test3_1882.wav,C
MSP-PODCAST_test3_1883.wav,A
MSP-PODCAST_test3_1884.wav,H
MSP-PODCAST_test3_1885.wav,U
MSP-PODCAST_test3_1886.wav,A
MSP-PODCAST_test3_1887.wav,A
MSP-PODCAST_test3_1888.wav,A
MSP-PODCAST_test3_1889.wav,A
MSP-PODCAST_test3_1890.wav,A
MSP-PODCAST_test3_1891.wav,A
MSP-PODCAST_test3_1892.wav,U
MSP-PODCAST_test3_1893.wav,D
MSP-PODCAST_test3_1894.wav,A
MSP-PODCAST_test3_1895.wav,A
MSP-PODCAST_test3_1896.wav,A
MSP-PODCAST_test3_1897.wav,A
MSP-PODCAST_test3_1898.wav,H
MSP-PODCAST_test3_1899.wav,A
MSP-PODCAST_test3_1900.wav,F
MSP-PODCAST_test3_1901.wav,A
MSP-PODCAST_test3_1902.wav,D
MSP-PODCAST_test3_1903.wav,A
MSP-PODCAST_test3_1904.wav,C
MSP-PODCAST_test3_1905.wav,A
MSP-PODCAST_test3_1906.wav,H
MSP-PODCAST_test3_1907.wav,A
MSP-PODCAST_test3_1908.wav,F
MSP-PODCAST_test3_1909.wav,N
MSP-PODCAST_test3_1910.wav,D
MSP-PODCAST_test3_1911.wav,H
MSP-PODCAST_test3_1912.wav,U
MSP-PODCAST_test3_1913.wav,U
MSP-PODCAST_test3_1914.wav,C
MSP-PODCAST_test3_1915.wav,A
MSP-PODCAST_test3_1916.wav,D
MSP-PODCAST_test3_1917.wav,S
MSP-PODCAST_test3_1918.wav,H
MSP-PODCAST_test3_1919.wav,U
MSP-PODCAST_test3_1920.wav,A
MSP-PODCAST_test3_1921.wav,N
MSP-PODCAST_test3_1922.wav,A
MSP-PODCAST_test3_1923.wav,A
MSP-PODCAST_test3_1924.wav,U
MSP-PODCAST_test3_1925.wav,A
MSP-PODCAST_test3_1926.wav,U
MSP-PODCAST_test3_1927.wav,F
MSP-PODCAST_test3_1928.wav,A
MSP-PODCAST_test3_1929.wav,S
MSP-PODCAST_test3_1930.wav,H
MSP-PODCAST_test3_1931.wav,H
MSP-PODCAST_test3_1932.wav,F
MSP-PODCAST_test3_1933.wav,C
MSP-PODCAST_test3_1934.wav,A
MSP-PODCAST_test3_1935.wav,A
MSP-PODCAST_test3_1936.wav,S
MSP-PODCAST_test3_1937.wav,H
MSP-PODCAST_test3_1938.wav,D
MSP-PODCAST_test3_1939.wav,A
MSP-PODCAST_test3_1940.wav,D
MSP-PODCAST_test3_1941.wav,U
MSP-PODCAST_test3_1942.wav,H
MSP-PODCAST_test3_1943.wav,A
MSP-PODCAST_test3_1944.wav,A
MSP-PODCAST_test3_1945.wav,U
MSP-PODCAST_test3_1946.wav,A
MSP-PODCAST_test3_1947.wav,A
MSP-PODCAST_test3_1948.wav,U
MSP-PODCAST_test3_1949.wav,S
MSP-PODCAST_test3_1950.wav,N
MSP-PODCAST_test3_1951.wav,D
MSP-PODCAST_test3_1952.wav,S
MSP-PODCAST_test3_1953.wav,A
MSP-PODCAST_test3_1954.wav,D
MSP-PODCAST_test3_1955.wav,D
MSP-PODCAST_test3_1956.wav,D
MSP-PODCAST_test3_1957.wav,A
MSP-PODCAST_test3_1958.wav,A
MSP-PODCAST_test3_1959.wav,A
MSP-PODCAST_test3_1960.wav,N
MSP-PODCAST_test3_1961.wav,A
MSP-PODCAST_test3_1962.wav,S
MSP-PODCAST_test3_1963.wav,D
MSP-PODCAST_test3_1964.wav,A
MSP-PODCAST_test3_1965.wav,F
MSP-PODCAST_test3_1966.wav,U
MSP-PODCAST_test3_1967.wav,C
MSP-PODCAST_test3_1968.wav,U
MSP-PODCAST_test3_1969.wav,C
MSP-PODCAST_test3_1970.wav,D
MSP-PODCAST_test3_1971.wav,H
MSP-PODCAST_test3_1972.wav,H
MSP-PODCAST_test3_1973.wav,A
MSP-PODCAST_test3_1974.wav,F
MSP-PODCAST_test3_1975.wav,S
MSP-PODCAST_test3_1976.wav,H
MSP-PODCAST_test3_1977.wav,H
MSP-PODCAST_test3_1978.wav,D
MSP-PODCAST_test3_1979.wav,F
MSP-PODCAST_test3_1980.wav,H
MSP-PODCAST_test3_1981.wav,C
MSP-PODCAST_test3_1982.wav,S
MSP-PODCAST_test3_1983.wav,S
MSP-PODCAST_test3_1984.wav,F
MSP-PODCAST_test3_1985.wav,A
MSP-PODCAST_test3_1986.wav,A
MSP-PODCAST_test3_1987.wav,D
MSP-PODCAST_test3_1988.wav,H
MSP-PODCAST_test3_1989.wav,A
MSP-PODCAST_test3_1990.wav,A
MSP-PODCAST_test3_1991.wav,H
MSP-PODCAST_test3_1992.wav,F
MSP-PODCAST_test3_1993.wav,U
MSP-PODCAST_test3_1994.wav,U
MSP-PODCAST_test3_1995.wav,D
MSP-PODCAST_test3_1996.wav,A
MSP-PODCAST_test3_1997.wav,A
MSP-PODCAST_test3_1998.wav,N
MSP-PODCAST_test3_1999.wav,A
MSP-PODCAST_test3_2000.wav,U
MSP-PODCAST_test3_2001.wav,N
MSP-PODCAST_test3_2002.wav,U
MSP-PODCAST_test3_2003.wav,N
MSP-PODCAST_test3_2004.wav,H
MSP-PODCAST_test3_2005.wav,H
MSP-PODCAST_test3_2006.wav,N
MSP-PODCAST_test3_2007.wav,S
MSP-PODCAST_test3_2008.wav,D
MSP-PODCAST_test3_2009.wav,H
MSP-PODCAST_test3_2010.wav,H
MSP-PODCAST_test3_2011.wav,A
MSP-PODCAST_test3_2012.wav,F
MSP-PODCAST_test3_2013.wav,H
MSP-PODCAST_test3_2014.wav,D
MSP-PODCAST_test3_2015.wav,C
MSP-PODCAST_test3_2016.wav,U
MSP-PODCAST_test3_2017.wav,S
MSP-PODCAST_test3_2018.wav,D
MSP-PODCAST_test3_2019.wav,U
MSP-PODCAST_test3_2020.wav,A
MSP-PODCAST_test3_2021.wav,A
MSP-PODCAST_test3_2022.wav,H
MSP-PODCAST_test3_2023.wav,A
MSP-PODCAST_test3_2024.wav,D
MSP-PODCAST_test3_2025.wav,F
MSP-PODCAST_test3_2026.wav,A
MSP-PODCAST_test3_2027.wav,A
MSP-PODCAST_test3_2028.wav,D
MSP-PODCAST_test3_2029.wav,D
MSP-PODCAST_test3_2030.wav,A
MSP-PODCAST_test3_2031.wav,A
MSP-PODCAST_test3_2032.wav,U
MSP-PODCAST_test3_2033.wav,A
MSP-PODCAST_test3_2034.wav,A
MSP-PODCAST_test3_2035.wav,N
MSP-PODCAST_test3_2036.wav,A
MSP-PODCAST_test3_2037.wav,H
MSP-PODCAST_test3_2038.wav,S
MSP-PODCAST_test3_2039.wav,S
MSP-PODCAST_test3_2040.wav,A
MSP-PODCAST_test3_2041.wav,A
MSP-PODCAST_test3_2042.wav,S
MSP-PODCAST_test3_2043.wav,A
MSP-PODCAST_test3_2044.wav,H
MSP-PODCAST_test3_2045.wav,S
MSP-PODCAST_test3_2046.wav,A
MSP-PODCAST_test3_2047.wav,A
MSP-PODCAST_test3_2048.wav,A
MSP-PODCAST_test3_2049.wav,A
MSP-PODCAST_test3_2050.wav,A
MSP-PODCAST_test3_2051.wav,A
MSP-PODCAST_test3_2052.wav,H
MSP-PODCAST_test3_2053.wav,S
MSP-PODCAST_test3_2054.wav,D
MSP-PODCAST_test3_2055.wav,D
MSP-PODCAST_test3_2056.wav,D
MSP-PODCAST_test3_2057.wav,U
MSP-PODCAST_test3_2058.wav,A
MSP-PODCAST_test3_2059.wav,C
MSP-PODCAST_test3_2060.wav,U
MSP-PODCAST_test3_2061.wav,U
MSP-PODCAST_test3_2062.wav,D
MSP-PODCAST_test3_2063.wav,H
MSP-PODCAST_test3_2064.wav,U
MSP-PODCAST_test3_2065.wav,A
MSP-PODCAST_test3_2066.wav,H
MSP-PODCAST_test3_2067.wav,A
MSP-PODCAST_test3_2068.wav,A
MSP-PODCAST_test3_2069.wav,U
MSP-PODCAST_test3_2070.wav,N
MSP-PODCAST_test3_2071.wav,A
MSP-PODCAST_test3_2072.wav,H
MSP-PODCAST_test3_2073.wav,D
MSP-PODCAST_test3_2074.wav,U
MSP-PODCAST_test3_2075.wav,N
MSP-PODCAST_test3_2076.wav,A
MSP-PODCAST_test3_2077.wav,A
MSP-PODCAST_test3_2078.wav,U
MSP-PODCAST_test3_2079.wav,A
MSP-PODCAST_test3_2080.wav,A
MSP-PODCAST_test3_2081.wav,H
MSP-PODCAST_test3_2082.wav,S
MSP-PODCAST_test3_2083.wav,A
MSP-PODCAST_test3_2084.wav,D
MSP-PODCAST_test3_2085.wav,A
MSP-PODCAST_test3_2086.wav,U
MSP-PODCAST_test3_2087.wav,A
MSP-PODCAST_test3_2088.wav,H
MSP-PODCAST_test3_2089.wav,C
MSP-PODCAST_test3_2090.wav,C
MSP-PODCAST_test3_2091.wav,A
MSP-PODCAST_test3_2092.wav,C
MSP-PODCAST_test3_2093.wav,U
MSP-PODCAST_test3_2094.wav,H
MSP-PODCAST_test3_2095.wav,A
MSP-PODCAST_test3_2096.wav,A
MSP-PODCAST_test3_2097.wav,D
MSP-PODCAST_test3_2098.wav,D
MSP-PODCAST_test3_2099.wav,D
MSP-PODCAST_test3_2100.wav,C
MSP-PODCAST_test3_2101.wav,U
MSP-PODCAST_test3_2102.wav,A
MSP-PODCAST_test3_2103.wav,S
MSP-PODCAST_test3_2104.wav,A
MSP-PODCAST_test3_2105.wav,A
MSP-PODCAST_test3_2106.wav,A
MSP-PODCAST_test3_2107.wav,U
MSP-PODCAST_test3_2108.wav,F
MSP-PODCAST_test3_2109.wav,A
MSP-PODCAST_test3_2110.wav,C
MSP-PODCAST_test3_2111.wav,H
MSP-PODCAST_test3_2112.wav,N
MSP-PODCAST_test3_2113.wav,S
MSP-PODCAST_test3_2114.wav,F
MSP-PODCAST_test3_2115.wav,A
MSP-PODCAST_test3_2116.wav,A
MSP-PODCAST_test3_2117.wav,A
MSP-PODCAST_test3_2118.wav,H
MSP-PODCAST_test3_2119.wav,A
MSP-PODCAST_test3_2120.wav,S
MSP-PODCAST_test3_2121.wav,D
MSP-PODCAST_test3_2122.wav,A
MSP-PODCAST_test3_2123.wav,U
MSP-PODCAST_test3_2124.wav,A
MSP-PODCAST_test3_2125.wav,A
MSP-PODCAST_test3_2126.wav,U
MSP-PODCAST_test3_2127.wav,H
MSP-PODCAST_test3_2128.wav,A
MSP-PODCAST_test3_2129.wav,A
MSP-PODCAST_test3_2130.wav,U
MSP-PODCAST_test3_2131.wav,F
MSP-PODCAST_test3_2132.wav,A
MSP-PODCAST_test3_2133.wav,U
MSP-PODCAST_test3_2134.wav,H
MSP-PODCAST_test3_2135.wav,A
MSP-PODCAST_test3_2136.wav,H
MSP-PODCAST_test3_2137.wav,A
MSP-PODCAST_test3_2138.wav,F
MSP-PODCAST_test3_2139.wav,D
MSP-PODCAST_test3_2140.wav,C
MSP-PODCAST_test3_2141.wav,D
MSP-PODCAST_test3_2142.wav,A
MSP-PODCAST_test3_2143.wav,A
MSP-PODCAST_test3_2144.wav,H
MSP-PODCAST_test3_2145.wav,S
MSP-PODCAST_test3_2146.wav,H
MSP-PODCAST_test3_2147.wav,A
MSP-PODCAST_test3_2148.wav,A
MSP-PODCAST_test3_2149.wav,H
MSP-PODCAST_test3_2150.wav,C
MSP-PODCAST_test3_2151.wav,C
MSP-PODCAST_test3_2152.wav,H
MSP-PODCAST_test3_2153.wav,S
MSP-PODCAST_test3_2154.wav,S
MSP-PODCAST_test3_2155.wav,A
MSP-PODCAST_test3_2156.wav,H
MSP-PODCAST_test3_2157.wav,F
MSP-PODCAST_test3_2158.wav,A
MSP-PODCAST_test3_2159.wav,H
MSP-PODCAST_test3_2160.wav,H
MSP-PODCAST_test3_2161.wav,S
MSP-PODCAST_test3_2162.wav,F
MSP-PODCAST_test3_2163.wav,A
MSP-PODCAST_test3_2164.wav,H
MSP-PODCAST_test3_2165.wav,A
MSP-PODCAST_test3_2166.wav,D
MSP-PODCAST_test3_2167.wav,U
MSP-PODCAST_test3_2168.wav,F
MSP-PODCAST_test3_2169.wav,H
MSP-PODCAST_test3_2170.wav,F
MSP-PODCAST_test3_2171.wav,A
MSP-PODCAST_test3_2172.wav,U
MSP-PODCAST_test3_2173.wav,F
MSP-PODCAST_test3_2174.wav,A
MSP-PODCAST_test3_2175.wav,A
MSP-PODCAST_test3_2176.wav,F
MSP-PODCAST_test3_2177.wav,S
MSP-PODCAST_test3_2178.wav,H
MSP-PODCAST_test3_2179.wav,A
MSP-PODCAST_test3_2180.wav,A
MSP-PODCAST_test3_2181.wav,U
MSP-PODCAST_test3_2182.wav,A
MSP-PODCAST_test3_2183.wav,A
MSP-PODCAST_test3_2184.wav,A
MSP-PODCAST_test3_2185.wav,D
MSP-PODCAST_test3_2186.wav,S
MSP-PODCAST_test3_2187.wav,C
MSP-PODCAST_test3_2188.wav,A
MSP-PODCAST_test3_2189.wav,U
MSP-PODCAST_test3_2190.wav,H
MSP-PODCAST_test3_2191.wav,S
MSP-PODCAST_test3_2192.wav,S
MSP-PODCAST_test3_2193.wav,A
MSP-PODCAST_test3_2194.wav,S
MSP-PODCAST_test3_2195.wav,U
MSP-PODCAST_test3_2196.wav,A
MSP-PODCAST_test3_2197.wav,F
MSP-PODCAST_test3_2198.wav,S
MSP-PODCAST_test3_2199.wav,A
MSP-PODCAST_test3_2200.wav,S
MSP-PODCAST_test3_2201.wav,A
MSP-PODCAST_test3_2202.wav,D
MSP-PODCAST_test3_2203.wav,H
MSP-PODCAST_test3_2204.wav,D
MSP-PODCAST_test3_2205.wav,F
MSP-PODCAST_test3_2206.wav,A
MSP-PODCAST_test3_2207.wav,H
MSP-PODCAST_test3_2208.wav,F
MSP-PODCAST_test3_2209.wav,A
MSP-PODCAST_test3_2210.wav,A
MSP-PODCAST_test3_2211.wav,N
MSP-PODCAST_test3_2212.wav,A
MSP-PODCAST_test3_2213.wav,H
MSP-PODCAST_test3_2214.wav,H
MSP-PODCAST_test3_2215.wav,D
MSP-PODCAST_test3_2216.wav,A
MSP-PODCAST_test3_2217.wav,A
MSP-PODCAST_test3_2218.wav,A
MSP-PODCAST_test3_2219.wav,A
MSP-PODCAST_test3_2220.wav,A
MSP-PODCAST_test3_2221.wav,U
MSP-PODCAST_test3_2222.wav,C
MSP-PODCAST_test3_2223.wav,U
MSP-PODCAST_test3_2224.wav,U
MSP-PODCAST_test3_2225.wav,A
MSP-PODCAST_test3_2226.wav,A
MSP-PODCAST_test3_2227.wav,D
MSP-PODCAST_test3_2228.wav,D
MSP-PODCAST_test3_2229.wav,A
MSP-PODCAST_test3_2230.wav,A
MSP-PODCAST_test3_2231.wav,H
MSP-PODCAST_test3_2232.wav,A
MSP-PODCAST_test3_2233.wav,D
MSP-PODCAST_test3_2234.wav,S
MSP-PODCAST_test3_2235.wav,U
MSP-PODCAST_test3_2236.wav,C
MSP-PODCAST_test3_2237.wav,A
MSP-PODCAST_test3_2238.wav,H
MSP-PODCAST_test3_2239.wav,A
MSP-PODCAST_test3_2240.wav,A
MSP-PODCAST_test3_2241.wav,A
MSP-PODCAST_test3_2242.wav,H
MSP-PODCAST_test3_2243.wav,H
MSP-PODCAST_test3_2244.wav,D
MSP-PODCAST_test3_2245.wav,C
MSP-PODCAST_test3_2246.wav,A
MSP-PODCAST_test3_2247.wav,A
MSP-PODCAST_test3_2248.wav,A
MSP-PODCAST_test3_2249.wav,A
MSP-PODCAST_test3_2250.wav,F
MSP-PODCAST_test3_2251.wav,S
MSP-PODCAST_test3_2252.wav,A
MSP-PODCAST_test3_2253.wav,F
MSP-PODCAST_test3_2254.wav,U
MSP-PODCAST_test3_2255.wav,F
MSP-PODCAST_test3_2256.wav,F
MSP-PODCAST_test3_2257.wav,A
MSP-PODCAST_test3_2258.wav,A
MSP-PODCAST_test3_2259.wav,F
MSP-PODCAST_test3_2260.wav,A
MSP-PODCAST_test3_2261.wav,A
MSP-PODCAST_test3_2262.wav,H
MSP-PODCAST_test3_2263.wav,A
MSP-PODCAST_test3_2264.wav,U
MSP-PODCAST_test3_2265.wav,H
MSP-PODCAST_test3_2266.wav,D
MSP-PODCAST_test3_2267.wav,C
MSP-PODCAST_test3_2268.wav,D
MSP-PODCAST_test3_2269.wav,S
MSP-PODCAST_test3_2270.wav,D
MSP-PODCAST_test3_2271.wav,C
MSP-PODCAST_test3_2272.wav,D
MSP-PODCAST_test3_2273.wav,D
MSP-PODCAST_test3_2274.wav,H
MSP-PODCAST_test3_2275.wav,A
MSP-PODCAST_test3_2276.wav,S
MSP-PODCAST_test3_2277.wav,U
MSP-PODCAST_test3_2278.wav,D
MSP-PODCAST_test3_2279.wav,S
MSP-PODCAST_test3_2280.wav,S
MSP-PODCAST_test3_2281.wav,N
MSP-PODCAST_test3_2282.wav,F
MSP-PODCAST_test3_2283.wav,U
MSP-PODCAST_test3_2284.wav,U
MSP-PODCAST_test3_2285.wav,F
MSP-PODCAST_test3_2286.wav,C
MSP-PODCAST_test3_2287.wav,A
MSP-PODCAST_test3_2288.wav,A
MSP-PODCAST_test3_2289.wav,H
MSP-PODCAST_test3_2290.wav,C
MSP-PODCAST_test3_2291.wav,D
MSP-PODCAST_test3_2292.wav,U
MSP-PODCAST_test3_2293.wav,A
MSP-PODCAST_test3_2294.wav,A
MSP-PODCAST_test3_2295.wav,H
MSP-PODCAST_test3_2296.wav,D
MSP-PODCAST_test3_2297.wav,D
MSP-PODCAST_test3_2298.wav,D
MSP-PODCAST_test3_2299.wav,D
MSP-PODCAST_test3_2300.wav,A
MSP-PODCAST_test3_2301.wav,A
MSP-PODCAST_test3_2302.wav,D
MSP-PODCAST_test3_2303.wav,A
MSP-PODCAST_test3_2304.wav,H
MSP-PODCAST_test3_2305.wav,A
MSP-PODCAST_test3_2306.wav,A
MSP-PODCAST_test3_2307.wav,A
MSP-PODCAST_test3_2308.wav,A
MSP-PODCAST_test3_2309.wav,H
MSP-PODCAST_test3_2310.wav,H
MSP-PODCAST_test3_2311.wav,H
MSP-PODCAST_test3_2312.wav,A
MSP-PODCAST_test3_2313.wav,D
MSP-PODCAST_test3_2314.wav,A
MSP-PODCAST_test3_2315.wav,A
MSP-PODCAST_test3_2316.wav,F
MSP-PODCAST_test3_2317.wav,F
MSP-PODCAST_test3_2318.wav,A
MSP-PODCAST_test3_2319.wav,C
MSP-PODCAST_test3_2320.wav,A
MSP-PODCAST_test3_2321.wav,A
MSP-PODCAST_test3_2322.wav,A
MSP-PODCAST_test3_2323.wav,A
MSP-PODCAST_test3_2324.wav,D
MSP-PODCAST_test3_2325.wav,U
MSP-PODCAST_test3_2326.wav,D
MSP-PODCAST_test3_2327.wav,F
MSP-PODCAST_test3_2328.wav,D
MSP-PODCAST_test3_2329.wav,A
MSP-PODCAST_test3_2330.wav,U
MSP-PODCAST_test3_2331.wav,U
MSP-PODCAST_test3_2332.wav,D
MSP-PODCAST_test3_2333.wav,H
MSP-PODCAST_test3_2334.wav,A
MSP-PODCAST_test3_2335.wav,F
MSP-PODCAST_test3_2336.wav,C
MSP-PODCAST_test3_2337.wav,S
MSP-PODCAST_test3_2338.wav,A
MSP-PODCAST_test3_2339.wav,S
MSP-PODCAST_test3_2340.wav,A
MSP-PODCAST_test3_2341.wav,S
MSP-PODCAST_test3_2342.wav,H
MSP-PODCAST_test3_2343.wav,A
MSP-PODCAST_test3_2344.wav,H
MSP-PODCAST_test3_2345.wav,D
MSP-PODCAST_test3_2346.wav,A
MSP-PODCAST_test3_2347.wav,U
MSP-PODCAST_test3_2348.wav,U
MSP-PODCAST_test3_2349.wav,H
MSP-PODCAST_test3_2350.wav,F
MSP-PODCAST_test3_2351.wav,H
MSP-PODCAST_test3_2352.wav,A
MSP-PODCAST_test3_2353.wav,H
MSP-PODCAST_test3_2354.wav,C
MSP-PODCAST_test3_2355.wav,S
MSP-PODCAST_test3_2356.wav,A
MSP-PODCAST_test3_2357.wav,A
MSP-PODCAST_test3_2358.wav,A
MSP-PODCAST_test3_2359.wav,A
MSP-PODCAST_test3_2360.wav,C
MSP-PODCAST_test3_2361.wav,D
MSP-PODCAST_test3_2362.wav,H
MSP-PODCAST_test3_2363.wav,A
MSP-PODCAST_test3_2364.wav,U
MSP-PODCAST_test3_2365.wav,F
MSP-PODCAST_test3_2366.wav,A
MSP-PODCAST_test3_2367.wav,A
MSP-PODCAST_test3_2368.wav,N
MSP-PODCAST_test3_2369.wav,A
MSP-PODCAST_test3_2370.wav,A
MSP-PODCAST_test3_2371.wav,A
MSP-PODCAST_test3_2372.wav,A
MSP-PODCAST_test3_2373.wav,A
MSP-PODCAST_test3_2374.wav,D
MSP-PODCAST_test3_2375.wav,U
MSP-PODCAST_test3_2376.wav,A
MSP-PODCAST_test3_2377.wav,A
MSP-PODCAST_test3_2378.wav,S
MSP-PODCAST_test3_2379.wav,A
MSP-PODCAST_test3_2380.wav,D
MSP-PODCAST_test3_2381.wav,A
MSP-PODCAST_test3_2382.wav,D
MSP-PODCAST_test3_2383.wav,D
MSP-PODCAST_test3_2384.wav,H
MSP-PODCAST_test3_2385.wav,S
MSP-PODCAST_test3_2386.wav,A
MSP-PODCAST_test3_2387.wav,N
MSP-PODCAST_test3_2388.wav,A
MSP-PODCAST_test3_2389.wav,A
MSP-PODCAST_test3_2390.wav,A
MSP-PODCAST_test3_2391.wav,S
MSP-PODCAST_test3_2392.wav,D
MSP-PODCAST_test3_2393.wav,A
MSP-PODCAST_test3_2394.wav,H
MSP-PODCAST_test3_2395.wav,C
MSP-PODCAST_test3_2396.wav,D
MSP-PODCAST_test3_2397.wav,H
MSP-PODCAST_test3_2398.wav,F
MSP-PODCAST_test3_2399.wav,C
MSP-PODCAST_test3_2400.wav,A
MSP-PODCAST_test3_2401.wav,H
MSP-PODCAST_test3_2402.wav,S
MSP-PODCAST_test3_2403.wav,F
MSP-PODCAST_test3_2404.wav,F
MSP-PODCAST_test3_2405.wav,A
MSP-PODCAST_test3_2406.wav,D
MSP-PODCAST_test3_2407.wav,A
MSP-PODCAST_test3_2408.wav,A
MSP-PODCAST_test3_2409.wav,H
MSP-PODCAST_test3_2410.wav,U
MSP-PODCAST_test3_2411.wav,H
MSP-PODCAST_test3_2412.wav,H
MSP-PODCAST_test3_2413.wav,H
MSP-PODCAST_test3_2414.wav,H
MSP-PODCAST_test3_2415.wav,A
MSP-PODCAST_test3_2416.wav,S
MSP-PODCAST_test3_2417.wav,U
MSP-PODCAST_test3_2418.wav,F
MSP-PODCAST_test3_2419.wav,S
MSP-PODCAST_test3_2420.wav,F
MSP-PODCAST_test3_2421.wav,D
MSP-PODCAST_test3_2422.wav,D
MSP-PODCAST_test3_2423.wav,H
MSP-PODCAST_test3_2424.wav,F
MSP-PODCAST_test3_2425.wav,H
MSP-PODCAST_test3_2426.wav,H
MSP-PODCAST_test3_2427.wav,A
MSP-PODCAST_test3_2428.wav,C
MSP-PODCAST_test3_2429.wav,A
MSP-PODCAST_test3_2430.wav,H
MSP-PODCAST_test3_2431.wav,A
MSP-PODCAST_test3_2432.wav,S
MSP-PODCAST_test3_2433.wav,D
MSP-PODCAST_test3_2434.wav,D
MSP-PODCAST_test3_2435.wav,A
MSP-PODCAST_test3_2436.wav,A
MSP-PODCAST_test3_2437.wav,A
MSP-PODCAST_test3_2438.wav,C
MSP-PODCAST_test3_2439.wav,U
MSP-PODCAST_test3_2440.wav,D
MSP-PODCAST_test3_2441.wav,D
MSP-PODCAST_test3_2442.wav,A
MSP-PODCAST_test3_2443.wav,D
MSP-PODCAST_test3_2444.wav,U
MSP-PODCAST_test3_2445.wav,D
MSP-PODCAST_test3_2446.wav,D
MSP-PODCAST_test3_2447.wav,C
MSP-PODCAST_test3_2448.wav,F
MSP-PODCAST_test3_2449.wav,F
MSP-PODCAST_test3_2450.wav,A
MSP-PODCAST_test3_2451.wav,A
MSP-PODCAST_test3_2452.wav,D
MSP-PODCAST_test3_2453.wav,U
MSP-PODCAST_test3_2454.wav,C
MSP-PODCAST_test3_2455.wav,U
MSP-PODCAST_test3_2456.wav,H
MSP-PODCAST_test3_2457.wav,S
MSP-PODCAST_test3_2458.wav,H
MSP-PODCAST_test3_2459.wav,S
MSP-PODCAST_test3_2460.wav,N
MSP-PODCAST_test3_2461.wav,U
MSP-PODCAST_test3_2462.wav,N
MSP-PODCAST_test3_2463.wav,H
MSP-PODCAST_test3_2464.wav,A
MSP-PODCAST_test3_2465.wav,A
MSP-PODCAST_test3_2466.wav,D
MSP-PODCAST_test3_2467.wav,D
MSP-PODCAST_test3_2468.wav,D
MSP-PODCAST_test3_2469.wav,U
MSP-PODCAST_test3_2470.wav,H
MSP-PODCAST_test3_2471.wav,S
MSP-PODCAST_test3_2472.wav,U
MSP-PODCAST_test3_2473.wav,D
MSP-PODCAST_test3_2474.wav,A
MSP-PODCAST_test3_2475.wav,U
MSP-PODCAST_test3_2476.wav,S
MSP-PODCAST_test3_2477.wav,U
MSP-PODCAST_test3_2478.wav,U
MSP-PODCAST_test3_2479.wav,N
MSP-PODCAST_test3_2480.wav,F
MSP-PODCAST_test3_2481.wav,C
MSP-PODCAST_test3_2482.wav,D
MSP-PODCAST_test3_2483.wav,N
MSP-PODCAST_test3_2484.wav,A
MSP-PODCAST_test3_2485.wav,D
MSP-PODCAST_test3_2486.wav,S
MSP-PODCAST_test3_2487.wav,F
MSP-PODCAST_test3_2488.wav,S
MSP-PODCAST_test3_2489.wav,A
MSP-PODCAST_test3_2490.wav,U
MSP-PODCAST_test3_2491.wav,F
MSP-PODCAST_test3_2492.wav,D
MSP-PODCAST_test3_2493.wav,S
MSP-PODCAST_test3_2494.wav,D
MSP-PODCAST_test3_2495.wav,U
MSP-PODCAST_test3_2496.wav,S
MSP-PODCAST_test3_2497.wav,S
MSP-PODCAST_test3_2498.wav,D
MSP-PODCAST_test3_2499.wav,H
MSP-PODCAST_test3_2500.wav,S
MSP-PODCAST_test3_2501.wav,U
MSP-PODCAST_test3_2502.wav,U
MSP-PODCAST_test3_2503.wav,C
MSP-PODCAST_test3_2504.wav,H
MSP-PODCAST_test3_2505.wav,F
MSP-PODCAST_test3_2506.wav,F
MSP-PODCAST_test3_2507.wav,U
MSP-PODCAST_test3_2508.wav,D
MSP-PODCAST_test3_2509.wav,C
MSP-PODCAST_test3_2510.wav,C
MSP-PODCAST_test3_2511.wav,S
MSP-PODCAST_test3_2512.wav,C
MSP-PODCAST_test3_2513.wav,U
MSP-PODCAST_test3_2514.wav,S
MSP-PODCAST_test3_2515.wav,A
MSP-PODCAST_test3_2516.wav,D
MSP-PODCAST_test3_2517.wav,N
MSP-PODCAST_test3_2518.wav,S
MSP-PODCAST_test3_2519.wav,H
MSP-PODCAST_test3_2520.wav,U
MSP-PODCAST_test3_2521.wav,A
MSP-PODCAST_test3_2522.wav,A
MSP-PODCAST_test3_2523.wav,C
MSP-PODCAST_test3_2524.wav,D
MSP-PODCAST_test3_2525.wav,A
MSP-PODCAST_test3_2526.wav,C
MSP-PODCAST_test3_2527.wav,D
MSP-PODCAST_test3_2528.wav,U
MSP-PODCAST_test3_2529.wav,A
MSP-PODCAST_test3_2530.wav,F
MSP-PODCAST_test3_2531.wav,S
MSP-PODCAST_test3_2532.wav,F
MSP-PODCAST_test3_2533.wav,H
MSP-PODCAST_test3_2534.wav,C
MSP-PODCAST_test3_2535.wav,A
MSP-PODCAST_test3_2536.wav,F
MSP-PODCAST_test3_2537.wav,F
MSP-PODCAST_test3_2538.wav,U
MSP-PODCAST_test3_2539.wav,D
MSP-PODCAST_test3_2540.wav,S
MSP-PODCAST_test3_2541.wav,C
MSP-PODCAST_test3_2542.wav,H
MSP-PODCAST_test3_2543.wav,N
MSP-PODCAST_test3_2544.wav,S
MSP-PODCAST_test3_2545.wav,S
MSP-PODCAST_test3_2546.wav,S
MSP-PODCAST_test3_2547.wav,C
MSP-PODCAST_test3_2548.wav,F
MSP-PODCAST_test3_2549.wav,S
MSP-PODCAST_test3_2550.wav,A
MSP-PODCAST_test3_2551.wav,S
MSP-PODCAST_test3_2552.wav,U
MSP-PODCAST_test3_2553.wav,N
MSP-PODCAST_test3_2554.wav,H
MSP-PODCAST_test3_2555.wav,U
MSP-PODCAST_test3_2556.wav,S
MSP-PODCAST_test3_2557.wav,F
MSP-PODCAST_test3_2558.wav,D
MSP-PODCAST_test3_2559.wav,N
MSP-PODCAST_test3_2560.wav,S
MSP-PODCAST_test3_2561.wav,H
MSP-PODCAST_test3_2562.wav,S
MSP-PODCAST_test3_2563.wav,N
MSP-PODCAST_test3_2564.wav,A
MSP-PODCAST_test3_2565.wav,C
MSP-PODCAST_test3_2566.wav,S
MSP-PODCAST_test3_2567.wav,N
MSP-PODCAST_test3_2568.wav,H
MSP-PODCAST_test3_2569.wav,H
MSP-PODCAST_test3_2570.wav,U
MSP-PODCAST_test3_2571.wav,F
MSP-PODCAST_test3_2572.wav,H
MSP-PODCAST_test3_2573.wav,D
MSP-PODCAST_test3_2574.wav,A
MSP-PODCAST_test3_2575.wav,D
MSP-PODCAST_test3_2576.wav,H
MSP-PODCAST_test3_2577.wav,A
MSP-PODCAST_test3_2578.wav,S
MSP-PODCAST_test3_2579.wav,N
MSP-PODCAST_test3_2580.wav,C
MSP-PODCAST_test3_2581.wav,A
MSP-PODCAST_test3_2582.wav,F
MSP-PODCAST_test3_2583.wav,F
MSP-PODCAST_test3_2584.wav,S
MSP-PODCAST_test3_2585.wav,D
MSP-PODCAST_test3_2586.wav,A
MSP-PODCAST_test3_2587.wav,H
MSP-PODCAST_test3_2588.wav,N
MSP-PODCAST_test3_2589.wav,N
MSP-PODCAST_test3_2590.wav,H
MSP-PODCAST_test3_2591.wav,U
MSP-PODCAST_test3_2592.wav,S
MSP-PODCAST_test3_2593.wav,U
MSP-PODCAST_test3_2594.wav,C
MSP-PODCAST_test3_2595.wav,A
MSP-PODCAST_test3_2596.wav,U
MSP-PODCAST_test3_2597.wav,U
MSP-PODCAST_test3_2598.wav,A
MSP-PODCAST_test3_2599.wav,A
MSP-PODCAST_test3_2600.wav,H
MSP-PODCAST_test3_2601.wav,A
MSP-PODCAST_test3_2602.wav,S
MSP-PODCAST_test3_2603.wav,S
MSP-PODCAST_test3_2604.wav,U
MSP-PODCAST_test3_2605.wav,U
MSP-PODCAST_test3_2606.wav,F
MSP-PODCAST_test3_2607.wav,N
MSP-PODCAST_test3_2608.wav,H
MSP-PODCAST_test3_2609.wav,A
MSP-PODCAST_test3_2610.wav,N
MSP-PODCAST_test3_2611.wav,S
MSP-PODCAST_test3_2612.wav,F
MSP-PODCAST_test3_2613.wav,A
MSP-PODCAST_test3_2614.wav,A
MSP-PODCAST_test3_2615.wav,U
MSP-PODCAST_test3_2616.wav,S
MSP-PODCAST_test3_2617.wav,S
MSP-PODCAST_test3_2618.wav,D
MSP-PODCAST_test3_2619.wav,F
MSP-PODCAST_test3_2620.wav,C
MSP-PODCAST_test3_2621.wav,A
MSP-PODCAST_test3_2622.wav,D
MSP-PODCAST_test3_2623.wav,A
MSP-PODCAST_test3_2624.wav,D
MSP-PODCAST_test3_2625.wav,A
MSP-PODCAST_test3_2626.wav,A
MSP-PODCAST_test3_2627.wav,S
MSP-PODCAST_test3_2628.wav,U
MSP-PODCAST_test3_2629.wav,H
MSP-PODCAST_test3_2630.wav,A
MSP-PODCAST_test3_2631.wav,D
MSP-PODCAST_test3_2632.wav,S
MSP-PODCAST_test3_2633.wav,A
MSP-PODCAST_test3_2634.wav,S
MSP-PODCAST_test3_2635.wav,U
MSP-PODCAST_test3_2636.wav,A
MSP-PODCAST_test3_2637.wav,S
MSP-PODCAST_test3_2638.wav,F
MSP-PODCAST_test3_2639.wav,N
MSP-PODCAST_test3_2640.wav,A
MSP-PODCAST_test3_2641.wav,F
MSP-PODCAST_test3_2642.wav,N
MSP-PODCAST_test3_2643.wav,S
MSP-PODCAST_test3_2644.wav,A
MSP-PODCAST_test3_2645.wav,S
MSP-PODCAST_test3_2646.wav,F
MSP-PODCAST_test3_2647.wav,C
MSP-PODCAST_test3_2648.wav,S
MSP-PODCAST_test3_2649.wav,A
MSP-PODCAST_test3_2650.wav,D
MSP-PODCAST_test3_2651.wav,A
MSP-PODCAST_test3_2652.wav,A
MSP-PODCAST_test3_2653.wav,D
MSP-PODCAST_test3_2654.wav,A
MSP-PODCAST_test3_2655.wav,A
MSP-PODCAST_test3_2656.wav,N
MSP-PODCAST_test3_2657.wav,A
MSP-PODCAST_test3_2658.wav,U
MSP-PODCAST_test3_2659.wav,A
MSP-PODCAST_test3_2660.wav,H
MSP-PODCAST_test3_2661.wav,S
MSP-PODCAST_test3_2662.wav,U
MSP-PODCAST_test3_2663.wav,F
MSP-PODCAST_test3_2664.wav,A
MSP-PODCAST_test3_2665.wav,H
MSP-PODCAST_test3_2666.wav,A
MSP-PODCAST_test3_2667.wav,A
MSP-PODCAST_test3_2668.wav,D
MSP-PODCAST_test3_2669.wav,D
MSP-PODCAST_test3_2670.wav,S
MSP-PODCAST_test3_2671.wav,S
MSP-PODCAST_test3_2672.wav,F
MSP-PODCAST_test3_2673.wav,A
MSP-PODCAST_test3_2674.wav,A
MSP-PODCAST_test3_2675.wav,D
MSP-PODCAST_test3_2676.wav,H
MSP-PODCAST_test3_2677.wav,C
MSP-PODCAST_test3_2678.wav,N
MSP-PODCAST_test3_2679.wav,H
MSP-PODCAST_test3_2680.wav,U
MSP-PODCAST_test3_2681.wav,A
MSP-PODCAST_test3_2682.wav,H
MSP-PODCAST_test3_2683.wav,H
MSP-PODCAST_test3_2684.wav,A
MSP-PODCAST_test3_2685.wav,H
MSP-PODCAST_test3_2686.wav,H
MSP-PODCAST_test3_2687.wav,A
MSP-PODCAST_test3_2688.wav,S
MSP-PODCAST_test3_2689.wav,A
MSP-PODCAST_test3_2690.wav,F
MSP-PODCAST_test3_2691.wav,A
MSP-PODCAST_test3_2692.wav,U
MSP-PODCAST_test3_2693.wav,A
MSP-PODCAST_test3_2694.wav,D
MSP-PODCAST_test3_2695.wav,S
MSP-PODCAST_test3_2696.wav,A
MSP-PODCAST_test3_2697.wav,U
MSP-PODCAST_test3_2698.wav,D
MSP-PODCAST_test3_2699.wav,D
MSP-PODCAST_test3_2700.wav,D
MSP-PODCAST_test3_2701.wav,H
MSP-PODCAST_test3_2702.wav,U
MSP-PODCAST_test3_2703.wav,S
MSP-PODCAST_test3_2704.wav,H
MSP-PODCAST_test3_2705.wav,C
MSP-PODCAST_test3_2706.wav,F
MSP-PODCAST_test3_2707.wav,F
MSP-PODCAST_test3_2708.wav,U
MSP-PODCAST_test3_2709.wav,C
MSP-PODCAST_test3_2710.wav,D
MSP-PODCAST_test3_2711.wav,C
MSP-PODCAST_test3_2712.wav,D
MSP-PODCAST_test3_2713.wav,F
MSP-PODCAST_test3_2714.wav,F
MSP-PODCAST_test3_2715.wav,U
MSP-PODCAST_test3_2716.wav,S
MSP-PODCAST_test3_2717.wav,N
MSP-PODCAST_test3_2718.wav,H
MSP-PODCAST_test3_2719.wav,S
MSP-PODCAST_test3_2720.wav,U
MSP-PODCAST_test3_2721.wav,A
MSP-PODCAST_test3_2722.wav,S
MSP-PODCAST_test3_2723.wav,A
MSP-PODCAST_test3_2724.wav,A
MSP-PODCAST_test3_2725.wav,A
MSP-PODCAST_test3_2726.wav,D
MSP-PODCAST_test3_2727.wav,A
MSP-PODCAST_test3_2728.wav,H
MSP-PODCAST_test3_2729.wav,H
MSP-PODCAST_test3_2730.wav,S
MSP-PODCAST_test3_2731.wav,A
MSP-PODCAST_test3_2732.wav,A
MSP-PODCAST_test3_2733.wav,H
MSP-PODCAST_test3_2734.wav,H
MSP-PODCAST_test3_2735.wav,A
MSP-PODCAST_test3_2736.wav,A
MSP-PODCAST_test3_2737.wav,A
MSP-PODCAST_test3_2738.wav,U
MSP-PODCAST_test3_2739.wav,S
MSP-PODCAST_test3_2740.wav,N
MSP-PODCAST_test3_2741.wav,A
MSP-PODCAST_test3_2742.wav,A
MSP-PODCAST_test3_2743.wav,H
MSP-PODCAST_test3_2744.wav,A
MSP-PODCAST_test3_2745.wav,A
MSP-PODCAST_test3_2746.wav,A
MSP-PODCAST_test3_2747.wav,A
MSP-PODCAST_test3_2748.wav,A
MSP-PODCAST_test3_2749.wav,A
MSP-PODCAST_test3_2750.wav,A
MSP-PODCAST_test3_2751.wav,A
MSP-PODCAST_test3_2752.wav,A
MSP-PODCAST_test3_2753.wav,A
MSP-PODCAST_test3_2754.wav,H
MSP-PODCAST_test3_2755.wav,A
MSP-PODCAST_test3_2756.wav,A
MSP-PODCAST_test3_2757.wav,U
MSP-PODCAST_test3_2758.wav,A
MSP-PODCAST_test3_2759.wav,A
MSP-PODCAST_test3_2760.wav,A
MSP-PODCAST_test3_2761.wav,A
MSP-PODCAST_test3_2762.wav,F
MSP-PODCAST_test3_2763.wav,N
MSP-PODCAST_test3_2764.wav,A
MSP-PODCAST_test3_2765.wav,A
MSP-PODCAST_test3_2766.wav,S
MSP-PODCAST_test3_2767.wav,N
MSP-PODCAST_test3_2768.wav,U
MSP-PODCAST_test3_2769.wav,U
MSP-PODCAST_test3_2770.wav,A
MSP-PODCAST_test3_2771.wav,H
MSP-PODCAST_test3_2772.wav,A
MSP-PODCAST_test3_2773.wav,A
MSP-PODCAST_test3_2774.wav,U
MSP-PODCAST_test3_2775.wav,D
MSP-PODCAST_test3_2776.wav,A
MSP-PODCAST_test3_2777.wav,H
MSP-PODCAST_test3_2778.wav,H
MSP-PODCAST_test3_2779.wav,S
MSP-PODCAST_test3_2780.wav,U
MSP-PODCAST_test3_2781.wav,C
MSP-PODCAST_test3_2782.wav,H
MSP-PODCAST_test3_2783.wav,A
MSP-PODCAST_test3_2784.wav,U
MSP-PODCAST_test3_2785.wav,U
MSP-PODCAST_test3_2786.wav,S
MSP-PODCAST_test3_2787.wav,H
MSP-PODCAST_test3_2788.wav,H
MSP-PODCAST_test3_2789.wav,A
MSP-PODCAST_test3_2790.wav,U
MSP-PODCAST_test3_2791.wav,C
MSP-PODCAST_test3_2792.wav,F
MSP-PODCAST_test3_2793.wav,F
MSP-PODCAST_test3_2794.wav,N
MSP-PODCAST_test3_2795.wav,F
MSP-PODCAST_test3_2796.wav,N
MSP-PODCAST_test3_2797.wav,A
MSP-PODCAST_test3_2798.wav,S
MSP-PODCAST_test3_2799.wav,N
MSP-PODCAST_test3_2800.wav,H
MSP-PODCAST_test3_2801.wav,S
MSP-PODCAST_test3_2802.wav,A
MSP-PODCAST_test3_2803.wav,F
MSP-PODCAST_test3_2804.wav,C
MSP-PODCAST_test3_2805.wav,U
MSP-PODCAST_test3_2806.wav,S
MSP-PODCAST_test3_2807.wav,N
MSP-PODCAST_test3_2808.wav,C
MSP-PODCAST_test3_2809.wav,A
MSP-PODCAST_test3_2810.wav,H
MSP-PODCAST_test3_2811.wav,H
MSP-PODCAST_test3_2812.wav,H
MSP-PODCAST_test3_2813.wav,N
MSP-PODCAST_test3_2814.wav,F
MSP-PODCAST_test3_2815.wav,U
MSP-PODCAST_test3_2816.wav,F
MSP-PODCAST_test3_2817.wav,D
MSP-PODCAST_test3_2818.wav,F
MSP-PODCAST_test3_2819.wav,A
MSP-PODCAST_test3_2820.wav,A
MSP-PODCAST_test3_2821.wav,C
MSP-PODCAST_test3_2822.wav,F
MSP-PODCAST_test3_2823.wav,D
MSP-PODCAST_test3_2824.wav,U
MSP-PODCAST_test3_2825.wav,S
MSP-PODCAST_test3_2826.wav,F
MSP-PODCAST_test3_2827.wav,N
MSP-PODCAST_test3_2828.wav,S
MSP-PODCAST_test3_2829.wav,U
MSP-PODCAST_test3_2830.wav,C
MSP-PODCAST_test3_2831.wav,N
MSP-PODCAST_test3_2832.wav,F
MSP-PODCAST_test3_2833.wav,F
MSP-PODCAST_test3_2834.wav,H
MSP-PODCAST_test3_2835.wav,H
MSP-PODCAST_test3_2836.wav,S
MSP-PODCAST_test3_2837.wav,S
MSP-PODCAST_test3_2838.wav,H
MSP-PODCAST_test3_2839.wav,D
MSP-PODCAST_test3_2840.wav,H
MSP-PODCAST_test3_2841.wav,A
MSP-PODCAST_test3_2842.wav,S
MSP-PODCAST_test3_2843.wav,C
MSP-PODCAST_test3_2844.wav,H
MSP-PODCAST_test3_2845.wav,F
MSP-PODCAST_test3_2846.wav,N
MSP-PODCAST_test3_2847.wav,U
MSP-PODCAST_test3_2848.wav,A
MSP-PODCAST_test3_2849.wav,A
MSP-PODCAST_test3_2850.wav,A
MSP-PODCAST_test3_2851.wav,S
MSP-PODCAST_test3_2852.wav,H
MSP-PODCAST_test3_2853.wav,U
MSP-PODCAST_test3_2854.wav,A
MSP-PODCAST_test3_2855.wav,H
MSP-PODCAST_test3_2856.wav,N
MSP-PODCAST_test3_2857.wav,U
MSP-PODCAST_test3_2858.wav,U
MSP-PODCAST_test3_2859.wav,U
MSP-PODCAST_test3_2860.wav,D
MSP-PODCAST_test3_2861.wav,S
MSP-PODCAST_test3_2862.wav,H
MSP-PODCAST_test3_2863.wav,A
MSP-PODCAST_test3_2864.wav,A
MSP-PODCAST_test3_2865.wav,N
MSP-PODCAST_test3_2866.wav,A
MSP-PODCAST_test3_2867.wav,A
MSP-PODCAST_test3_2868.wav,A
MSP-PODCAST_test3_2869.wav,A
MSP-PODCAST_test3_2870.wav,H
MSP-PODCAST_test3_2871.wav,F
MSP-PODCAST_test3_2872.wav,S
MSP-PODCAST_test3_2873.wav,C
MSP-PODCAST_test3_2874.wav,S
MSP-PODCAST_test3_2875.wav,A
MSP-PODCAST_test3_2876.wav,H
MSP-PODCAST_test3_2877.wav,A
MSP-PODCAST_test3_2878.wav,H
MSP-PODCAST_test3_2879.wav,A
MSP-PODCAST_test3_2880.wav,H
MSP-PODCAST_test3_2881.wav,U
MSP-PODCAST_test3_2882.wav,A
MSP-PODCAST_test3_2883.wav,A
MSP-PODCAST_test3_2884.wav,A
MSP-PODCAST_test3_2885.wav,A
MSP-PODCAST_test3_2886.wav,A
MSP-PODCAST_test3_2887.wav,S
MSP-PODCAST_test3_2888.wav,H
MSP-PODCAST_test3_2889.wav,U
MSP-PODCAST_test3_2890.wav,A
MSP-PODCAST_test3_2891.wav,A
MSP-PODCAST_test3_2892.wav,A
MSP-PODCAST_test3_2893.wav,H
MSP-PODCAST_test3_2894.wav,A
MSP-PODCAST_test3_2895.wav,H
MSP-PODCAST_test3_2896.wav,H
MSP-PODCAST_test3_2897.wav,S
MSP-PODCAST_test3_2898.wav,S
MSP-PODCAST_test3_2899.wav,A
MSP-PODCAST_test3_2900.wav,S
MSP-PODCAST_test3_2901.wav,S
MSP-PODCAST_test3_2902.wav,A
MSP-PODCAST_test3_2903.wav,D
MSP-PODCAST_test3_2904.wav,A
MSP-PODCAST_test3_2905.wav,A
MSP-PODCAST_test3_2906.wav,D
MSP-PODCAST_test3_2907.wav,A
MSP-PODCAST_test3_2908.wav,D
MSP-PODCAST_test3_2909.wav,A
MSP-PODCAST_test3_2910.wav,A
MSP-PODCAST_test3_2911.wav,A
MSP-PODCAST_test3_2912.wav,D
MSP-PODCAST_test3_2913.wav,U
MSP-PODCAST_test3_2914.wav,S
MSP-PODCAST_test3_2915.wav,A
MSP-PODCAST_test3_2916.wav,C
MSP-PODCAST_test3_2917.wav,A
MSP-PODCAST_test3_2918.wav,C
MSP-PODCAST_test3_2919.wav,U
MSP-PODCAST_test3_2920.wav,D
MSP-PODCAST_test3_2921.wav,A
MSP-PODCAST_test3_2922.wav,A
MSP-PODCAST_test3_2923.wav,A
MSP-PODCAST_test3_2924.wav,U
MSP-PODCAST_test3_2925.wav,U
MSP-PODCAST_test3_2926.wav,S
MSP-PODCAST_test3_2927.wav,C
MSP-PODCAST_test3_2928.wav,D
MSP-PODCAST_test3_2929.wav,S
MSP-PODCAST_test3_2930.wav,A
MSP-PODCAST_test3_2931.wav,A
MSP-PODCAST_test3_2932.wav,H
MSP-PODCAST_test3_2933.wav,C
MSP-PODCAST_test3_2934.wav,N
MSP-PODCAST_test3_2935.wav,F
MSP-PODCAST_test3_2936.wav,H
MSP-PODCAST_test3_2937.wav,D
MSP-PODCAST_test3_2938.wav,D
MSP-PODCAST_test3_2939.wav,A
MSP-PODCAST_test3_2940.wav,A
MSP-PODCAST_test3_2941.wav,A
MSP-PODCAST_test3_2942.wav,U
MSP-PODCAST_test3_2943.wav,S
MSP-PODCAST_test3_2944.wav,A
MSP-PODCAST_test3_2945.wav,A
MSP-PODCAST_test3_2946.wav,S
MSP-PODCAST_test3_2947.wav,A
MSP-PODCAST_test3_2948.wav,C
MSP-PODCAST_test3_2949.wav,A
MSP-PODCAST_test3_2950.wav,F
MSP-PODCAST_test3_2951.wav,A
MSP-PODCAST_test3_2952.wav,U
MSP-PODCAST_test3_2953.wav,S
MSP-PODCAST_test3_2954.wav,A
MSP-PODCAST_test3_2955.wav,F
MSP-PODCAST_test3_2956.wav,D
MSP-PODCAST_test3_2957.wav,A
MSP-PODCAST_test3_2958.wav,A
MSP-PODCAST_test3_2959.wav,H
MSP-PODCAST_test3_2960.wav,A
MSP-PODCAST_test3_2961.wav,F
MSP-PODCAST_test3_2962.wav,H
MSP-PODCAST_test3_2963.wav,A
MSP-PODCAST_test3_2964.wav,A
MSP-PODCAST_test3_2965.wav,H
MSP-PODCAST_test3_2966.wav,S
MSP-PODCAST_test3_2967.wav,D
MSP-PODCAST_test3_2968.wav,A
MSP-PODCAST_test3_2969.wav,U
MSP-PODCAST_test3_2970.wav,S
MSP-PODCAST_test3_2971.wav,A
MSP-PODCAST_test3_2972.wav,A
MSP-PODCAST_test3_2973.wav,A
MSP-PODCAST_test3_2974.wav,H
MSP-PODCAST_test3_2975.wav,A
MSP-PODCAST_test3_2976.wav,A
MSP-PODCAST_test3_2977.wav,A
MSP-PODCAST_test3_2978.wav,A
MSP-PODCAST_test3_2979.wav,A
MSP-PODCAST_test3_2980.wav,A
MSP-PODCAST_test3_2981.wav,A
MSP-PODCAST_test3_2982.wav,H
MSP-PODCAST_test3_2983.wav,A
MSP-PODCAST_test3_2984.wav,U
MSP-PODCAST_test3_2985.wav,A
MSP-PODCAST_test3_2986.wav,H
MSP-PODCAST_test3_2987.wav,A
MSP-PODCAST_test3_2988.wav,F
MSP-PODCAST_test3_2989.wav,A
MSP-PODCAST_test3_2990.wav,A
MSP-PODCAST_test3_2991.wav,A
MSP-PODCAST_test3_2992.wav,A
MSP-PODCAST_test3_2993.wav,A
MSP-PODCAST_test3_2994.wav,A
MSP-PODCAST_test3_2995.wav,C
MSP-PODCAST_test3_2996.wav,U
MSP-PODCAST_test3_2997.wav,A
MSP-PODCAST_test3_2998.wav,A
MSP-PODCAST_test3_2999.wav,D
MSP-PODCAST_test3_3000.wav,A
MSP-PODCAST_test3_3001.wav,H
MSP-PODCAST_test3_3002.wav,U
MSP-PODCAST_test3_3003.wav,D
MSP-PODCAST_test3_3004.wav,C
MSP-PODCAST_test3_3005.wav,H
MSP-PODCAST_test3_3006.wav,N
MSP-PODCAST_test3_3007.wav,D
MSP-PODCAST_test3_3008.wav,H
MSP-PODCAST_test3_3009.wav,S
MSP-PODCAST_test3_3010.wav,U
MSP-PODCAST_test3_3011.wav,H
MSP-PODCAST_test3_3012.wav,D
MSP-PODCAST_test3_3013.wav,D
MSP-PODCAST_test3_3014.wav,D
MSP-PODCAST_test3_3015.wav,D
MSP-PODCAST_test3_3016.wav,D
MSP-PODCAST_test3_3017.wav,N
MSP-PODCAST_test3_3018.wav,H
MSP-PODCAST_test3_3019.wav,N
MSP-PODCAST_test3_3020.wav,H
MSP-PODCAST_test3_3021.wav,H
MSP-PODCAST_test3_3022.wav,H
MSP-PODCAST_test3_3023.wav,C
MSP-PODCAST_test3_3024.wav,A
MSP-PODCAST_test3_3025.wav,D
MSP-PODCAST_test3_3026.wav,A
MSP-PODCAST_test3_3027.wav,D
MSP-PODCAST_test3_3028.wav,A
MSP-PODCAST_test3_3029.wav,A
MSP-PODCAST_test3_3030.wav,S
MSP-PODCAST_test3_3031.wav,D
MSP-PODCAST_test3_3032.wav,H
MSP-PODCAST_test3_3033.wav,N
MSP-PODCAST_test3_3034.wav,A
MSP-PODCAST_test3_3035.wav,C
MSP-PODCAST_test3_3036.wav,A
MSP-PODCAST_test3_3037.wav,F
MSP-PODCAST_test3_3038.wav,H
MSP-PODCAST_test3_3039.wav,S
MSP-PODCAST_test3_3040.wav,H
MSP-PODCAST_test3_3041.wav,S
MSP-PODCAST_test3_3042.wav,S
MSP-PODCAST_test3_3043.wav,U
MSP-PODCAST_test3_3044.wav,C
MSP-PODCAST_test3_3045.wav,F
MSP-PODCAST_test3_3046.wav,D
MSP-PODCAST_test3_3047.wav,U
MSP-PODCAST_test3_3048.wav,D
MSP-PODCAST_test3_3049.wav,D
MSP-PODCAST_test3_3050.wav,U
MSP-PODCAST_test3_3051.wav,C
MSP-PODCAST_test3_3052.wav,F
MSP-PODCAST_test3_3053.wav,C
MSP-PODCAST_test3_3054.wav,A
MSP-PODCAST_test3_3055.wav,S
MSP-PODCAST_test3_3056.wav,A
MSP-PODCAST_test3_3057.wav,A
MSP-PODCAST_test3_3058.wav,N
MSP-PODCAST_test3_3059.wav,D
MSP-PODCAST_test3_3060.wav,F
MSP-PODCAST_test3_3061.wav,F
MSP-PODCAST_test3_3062.wav,D
MSP-PODCAST_test3_3063.wav,D
MSP-PODCAST_test3_3064.wav,A
MSP-PODCAST_test3_3065.wav,D
MSP-PODCAST_test3_3066.wav,S
MSP-PODCAST_test3_3067.wav,H
MSP-PODCAST_test3_3068.wav,S
MSP-PODCAST_test3_3069.wav,A
MSP-PODCAST_test3_3070.wav,N
MSP-PODCAST_test3_3071.wav,D
MSP-PODCAST_test3_3072.wav,S
MSP-PODCAST_test3_3073.wav,D
MSP-PODCAST_test3_3074.wav,A
MSP-PODCAST_test3_3075.wav,D
MSP-PODCAST_test3_3076.wav,D
MSP-PODCAST_test3_3077.wav,A
MSP-PODCAST_test3_3078.wav,A
MSP-PODCAST_test3_3079.wav,C
MSP-PODCAST_test3_3080.wav,S
MSP-PODCAST_test3_3081.wav,D
MSP-PODCAST_test3_3082.wav,A
MSP-PODCAST_test3_3083.wav,D
MSP-PODCAST_test3_3084.wav,C
MSP-PODCAST_test3_3085.wav,S
MSP-PODCAST_test3_3086.wav,F
MSP-PODCAST_test3_3087.wav,D
MSP-PODCAST_test3_3088.wav,S
MSP-PODCAST_test3_3089.wav,D
MSP-PODCAST_test3_3090.wav,A
MSP-PODCAST_test3_3091.wav,D
MSP-PODCAST_test3_3092.wav,A
MSP-PODCAST_test3_3093.wav,S
MSP-PODCAST_test3_3094.wav,A
MSP-PODCAST_test3_3095.wav,D
MSP-PODCAST_test3_3096.wav,D
MSP-PODCAST_test3_3097.wav,D
MSP-PODCAST_test3_3098.wav,S
MSP-PODCAST_test3_3099.wav,H
MSP-PODCAST_test3_3100.wav,S
MSP-PODCAST_test3_3101.wav,C
MSP-PODCAST_test3_3102.wav,D
MSP-PODCAST_test3_3103.wav,D
MSP-PODCAST_test3_3104.wav,N
MSP-PODCAST_test3_3105.wav,D
MSP-PODCAST_test3_3106.wav,D
MSP-PODCAST_test3_3107.wav,S
MSP-PODCAST_test3_3108.wav,D
MSP-PODCAST_test3_3109.wav,D
MSP-PODCAST_test3_3110.wav,S
MSP-PODCAST_test3_3111.wav,U
MSP-PODCAST_test3_3112.wav,C
MSP-PODCAST_test3_3113.wav,S
MSP-PODCAST_test3_3114.wav,F
MSP-PODCAST_test3_3115.wav,F
MSP-PODCAST_test3_3116.wav,A
MSP-PODCAST_test3_3117.wav,D
MSP-PODCAST_test3_3118.wav,D
MSP-PODCAST_test3_3119.wav,S
MSP-PODCAST_test3_3120.wav,A
MSP-PODCAST_test3_3121.wav,D
MSP-PODCAST_test3_3122.wav,S
MSP-PODCAST_test3_3123.wav,S
MSP-PODCAST_test3_3124.wav,A
MSP-PODCAST_test3_3125.wav,C
MSP-PODCAST_test3_3126.wav,D
MSP-PODCAST_test3_3127.wav,A
MSP-PODCAST_test3_3128.wav,H
MSP-PODCAST_test3_3129.wav,S
MSP-PODCAST_test3_3130.wav,U
MSP-PODCAST_test3_3131.wav,F
MSP-PODCAST_test3_3132.wav,A
MSP-PODCAST_test3_3133.wav,S
MSP-PODCAST_test3_3134.wav,S
MSP-PODCAST_test3_3135.wav,N
MSP-PODCAST_test3_3136.wav,S
MSP-PODCAST_test3_3137.wav,A
MSP-PODCAST_test3_3138.wav,D
MSP-PODCAST_test3_3139.wav,A
MSP-PODCAST_test3_3140.wav,A
MSP-PODCAST_test3_3141.wav,A
MSP-PODCAST_test3_3142.wav,S
MSP-PODCAST_test3_3143.wav,S
MSP-PODCAST_test3_3144.wav,F
MSP-PODCAST_test3_3145.wav,A
MSP-PODCAST_test3_3146.wav,A
MSP-PODCAST_test3_3147.wav,H
MSP-PODCAST_test3_3148.wav,H
MSP-PODCAST_test3_3149.wav,N
MSP-PODCAST_test3_3150.wav,A
MSP-PODCAST_test3_3151.wav,A
MSP-PODCAST_test3_3152.wav,S
MSP-PODCAST_test3_3153.wav,A
MSP-PODCAST_test3_3154.wav,A
MSP-PODCAST_test3_3155.wav,H
MSP-PODCAST_test3_3156.wav,C
MSP-PODCAST_test3_3157.wav,U
MSP-PODCAST_test3_3158.wav,S
MSP-PODCAST_test3_3159.wav,A
MSP-PODCAST_test3_3160.wav,U
MSP-PODCAST_test3_3161.wav,S
MSP-PODCAST_test3_3162.wav,H
MSP-PODCAST_test3_3163.wav,S
MSP-PODCAST_test3_3164.wav,U
MSP-PODCAST_test3_3165.wav,S
MSP-PODCAST_test3_3166.wav,A
MSP-PODCAST_test3_3167.wav,D
MSP-PODCAST_test3_3168.wav,A
MSP-PODCAST_test3_3169.wav,A
MSP-PODCAST_test3_3170.wav,N
MSP-PODCAST_test3_3171.wav,A
MSP-PODCAST_test3_3172.wav,N
MSP-PODCAST_test3_3173.wav,H
MSP-PODCAST_test3_3174.wav,H
MSP-PODCAST_test3_3175.wav,D
MSP-PODCAST_test3_3176.wav,A
MSP-PODCAST_test3_3177.wav,C
MSP-PODCAST_test3_3178.wav,A
MSP-PODCAST_test3_3179.wav,A
MSP-PODCAST_test3_3180.wav,A
MSP-PODCAST_test3_3181.wav,A
MSP-PODCAST_test3_3182.wav,S
MSP-PODCAST_test3_3183.wav,A
MSP-PODCAST_test3_3184.wav,S
MSP-PODCAST_test3_3185.wav,D
MSP-PODCAST_test3_3186.wav,H
MSP-PODCAST_test3_3187.wav,N
MSP-PODCAST_test3_3188.wav,A
MSP-PODCAST_test3_3189.wav,S
MSP-PODCAST_test3_3190.wav,U
MSP-PODCAST_test3_3191.wav,D
MSP-PODCAST_test3_3192.wav,S
MSP-PODCAST_test3_3193.wav,S
MSP-PODCAST_test3_3194.wav,H
MSP-PODCAST_test3_3195.wav,A
MSP-PODCAST_test3_3196.wav,A
MSP-PODCAST_test3_3197.wav,A
MSP-PODCAST_test3_3198.wav,C
MSP-PODCAST_test3_3199.wav,D
MSP-PODCAST_test3_3200.wav,A
